issf_core_id,core_record_summary,geographic_scope_type,country__short_name,number_publications,region
2359,Abigail Hann,Local,Canada,0,North America & Canada
1071,Acosta Alejandro,Not specific,USA,8,North America & Canada
1165,Adam Fancy,Not specific,Canada,1,North America & Canada
1812,Adam Jadhav,National,India,4,Asia & Oceania
1355,Adam Soliman,Not specific,Canada,12,North America & Canada
3380,Adriano Prysthon,Local,Brazil,40,Latin America & the Caribbean
1505,Afam Anene,Not specific,Nigeria,45,Africa
1796,Ahmed S Khan,Not specific,,20,#N/A
1175,Alan Friedlander,Not specific,USA,11,North America & Canada
1401,Alan White,Regional,USA,5,North America & Canada
1193,Alasdair Harris,Not specific,Madagascar,15,Africa
2777,Alba Jurado-Ruzafa,Local,Spain,0,Europe
1717,Alejandro J. Cotto S,National,,3,#N/A
1075,Alexandre Alonso-Fernández,Not specific,Spain,19,Europe
3398,Alexis Nakandakari,Local,Peru,0,Latin America & the Caribbean
1319,Alexis Rife,Not specific,USA,2,North America & Canada
1690,Alfonso Aguilar-Perera,Local,Mexico,28,Latin America & the Caribbean
2369,Alice M.M. Miller,Global,United Kingdom,0,Europe
1549,Alicia Said,Not specific,Malta,0,Europe
3187,ALICIA SALDAÑA MILLÁN,Local,Mexico,1,Latin America & the Caribbean
1425,Alida BUNDY,Not specific,Canada,5,North America & Canada
1219,Alin Kadfak,Not specific,,2,#N/A
1816,ALIOU SALL,Local,Senegal,24,Africa
3534,Aliou SALL,Local,Senegal,0,Africa
1807,Alison L Neilson,Sub-national,Portugal,11,Europe
1655,Alison Macnaughton,Regional,,10,#N/A
1515,Alison Simmance,Not specific,United Kingdom,0,Europe
1960,Allain J.  Barnett,Sub-national,Canada,10,North America & Canada
1597,Alyne Delaney,Not specific,Denmark,30,Europe
3680,Amanda C Moeser,Local,USA,0,North America & Canada
1957,Amber Himes-Cornell,Regional,USA,5,North America & Canada
1131,Ana Cinti,Not specific,Argentina,13,Latin America & the Caribbean
1499,Anastasia Miliou,Not specific,Greece,11,Europe
1792,Andrés Felipe  Navia,Regional,Colombia,30,Latin America & the Caribbean
1517,Andrea J Nightingale,Not specific,Sweden,35,Europe
1279,Andrea Moreno,Not specific,,2,#N/A
2215,Andrew F Johnson,Sub-national,USA,0,North America & Canada
1119,Andy Bystrom,National,Costa Rica,1,Latin America & the Caribbean
1629,Angel Andres Villa Restrepo,Sub-national,Colombia,10,Latin America & the Caribbean
1237,Angela Lentisco,Not specific,,2,#N/A
3226,Anna Carlson,Regional,Italy,0,Europe
1343,Anna Schuhbauer,Not specific,Canada,2,North America & Canada
2318,Annie Lalancette,Local,Canada,0,North America & Canada
2468,Ann-Katrien LESCRAUWAET,Sub-national,Belgium,0,Europe
1443,Anthony (Tony) Charles,Not specific,Canada,15,North America & Canada
1365,Antonio Terlizzi,Not specific,Italy,10,Europe
1239,Arielle Levine,Not specific,USA,11,North America & Canada
1539,ARMANDO ORTEGA-LARA,Not specific,Colombia,25,Latin America & the Caribbean
1159,Arne Eide,Not specific,Norway,0,Europe
2364,Arne Kinds,Regional,Belgium,18,Europe
1211,Ayana Johnson,Not specific,USA,2,North America & Canada
2552,Aylin Ulman,National,Italy,0,Europe
1381,Aylin Ulman,Not specific,Canada,0,North America & Canada
2363,Bailey Anderson,Local,Canada,0,North America & Canada
2540,Barbara Quimby,Local,USA,0,North America & Canada
1311,Barigela Ramachandrudu,Not specific,India,3,Asia & Oceania
1407,Becky Wright,Not specific,USA,0,North America & Canada
1091,ben belton,Not specific,Bangladesh,20,Asia & Oceania
1651,Berchie Asiedu,Not specific,Ghana,15,Africa
1563,Bjarnason Thoroddur,Not specific,Iceland,98,Europe
2235,Blue Ventures,Local,Madagascar,0,Africa
1263,Bonnie McCay,Not specific,USA,10,North America & Canada
1495,Box Stephen,Not specific,USA,35,North America & Canada
1619,Brent Theophile,Not specific,Trinidad and Tobago,18,Latin America & the Caribbean
3517,Brice Trouillet,Regional,France,24,Europe
1503,Cédric Boisrobert,Regional,France,5,Europe
1107,Camilla Brattland,Not specific,Norway,12,Europe
3239,Carla G.  Dario,Local,USA,0,North America & Canada
3424,Carla Mouro,Local,Portugal,0,Europe
1553,Carlos Garcia de Leaniz,Not specific,United Kingdom,47,Europe
1613,Carlos Garcia-Quijano,Not specific,USA,26,North America & Canada
1413,Carmel Finley,Not specific,USA,4,North America & Canada
1317,Carmen Revenga,Not specific,USA,4,North America & Canada
1403,Carole White,Not specific,United Kingdom,0,Europe
2277,Carolina Chong,Not specific,Germany,0,Europe
3243,Carolina Doria,Local,Brazil,30,Latin America & the Caribbean
1063,Caroline Abunge,Not specific,Kenya,7,Africa
1661,Carrie Pomeroy,Not specific,USA,48,North America & Canada
1479,Carsten Wentink,Not specific,Netherlands,1,Europe
2280,Catalina López-Sagástegui,Sub-national,USA,0,North America & Canada
1963,Cecile Brugere,Regional,United Kingdom,0,Europe
1395,CHERDSAK VIRAPAT,Not specific,Malta,3,Europe
3519,Christine M Beitl,National,USA,0,North America & Canada
1471,CHRISTOPHER CU NWAFOR,Not specific,South Africa,2,Africa
2358,Christopher W. Dabon,Local,Canada,0,North America & Canada
3708,Clara Monaco,Global,Italy,25,Europe
1149,Claudia Elizabeth Delgado Ramírez,Not specific,Mexico,5,Latin America & the Caribbean
1171,Clive Fox,Not specific,United Kingdom,5,Europe
1121,Courtney Carothers,Local,USA,15,North America & Canada
1609,Cristiana Seixas,Not specific,Brazil,28,Latin America & the Caribbean
1647,Cristina Pita,National,Portugal,30,Europe
1639,Cynthia Grace-McCaskey,Not specific,USA,11,North America & Canada
1431,Dale Squires,Not specific,USA,10,North America & Canada
1575,Dan R. Mombourquette,Local,Canada,1,North America & Canada
1736,"Daniel ""Ramiro"" Quijano",Sub-national,Mexico,0,Latin America & the Caribbean
2521,Daniele A. Vila Nova,National,Brazil,8,Latin America & the Caribbean
1157,Danielle Edwards,Not specific,Canada,4,North America & Canada
1225,Danika L Kleiber,Not specific,Canada,0,North America & Canada
1369,Daracha Thiammueang,Not specific,Thailand,2,Asia & Oceania
2320,David Bishop,Local,Canada,0,North America & Canada
1519,David Florido,Not specific,Spain,30,Europe
3636,David G Parker,Global,United Kingdom,0,Europe
1750,David G. McGrath,Sub-national,USA,31,North America & Canada
1393,David Villegas-Ríos,Not specific,Spain,5,Europe
1315,Davis Reade,Not specific,Canada,6,North America & Canada
1475,De Santana Iramaia,Not specific,Brazil,2,Latin America & the Caribbean
1089,Dean Bavington,Not specific,Canada,5,North America & Canada
1765,Debangshu Narayan DND Das,Not specific,,43,#N/A
2356,Debora M De Freitas,Global,Brazil,0,Latin America & the Caribbean
2302,Deirdre Duggan,Sub-national,Indonesia,0,Asia & Oceania
1195,Denis Hellebrandt,Not specific,United Kingdom,10,Europe
1467,Derek Armitage,Not specific,Canada,50,North America & Canada
1213,Derek Johnson,Not specific,Canada,12,North America & Canada
3314,Diego Salgueiro-Otero,Regional,Spain,0,Europe
1509,Durga Thigale,Not specific,India,1,Asia & Oceania
2416,Dylan Hynes,National,Canada,0,North America & Canada
1111,Easkey R Britton,Not specific,Canada,2,North America & Canada
1453,Edward Allison,Not specific,USA,104,North America & Canada
1181,Edward Glazier,Not specific,USA,15,North America & Canada
1615,Ehsan Kamrani,National,Iran,60,Asia & Oceania
2331,Eirini Ioanna Vlachopoulou,Global,Greece,10,Europe
1167,Elena M. Finkbeiner,Sub-national,USA,12,North America & Canada
1557,Elizabeth Figus,Not specific,USA,3,North America & Canada
1199,Ellen Hines,Not specific,USA,5,North America & Canada
2471,Ellen Pecceu,Regional,Belgium,27,Europe
1267,Emily McGregor,Not specific,South Africa,0,Africa
2426,Enahoro D Ofori,Sub-national,Canada,0,North America & Canada
1681,Enrique Alonso Poblacion,Not specific,Spain,19,Europe
1115,Eny Buchary,Not specific,Sweden,20,Europe
1177,Eranga K Galappaththi,Local,Canada,5,North America & Canada
1725,Eric G Rogers,Not specific,Canada,0,North America & Canada
1599,Erika Parrill,Not specific,Canada,3,North America & Canada
3525,Erin Loury,Regional,USA,0,North America & Canada
1489,Erwin  Rathnaweera ,Not specific,Sri Lanka,15,Asia & Oceania
1379,Evangelos Tzanatos,Not specific,Greece,13,Europe
1421,Evelyn Pinkerton,Not specific,Canada,20,North America & Canada
1782,Fabian Escobar-Toledo,National,Colombia,6,Latin America & the Caribbean
1973,Fabio Madau,Not specific,Italy,70,Europe
1977,Fabio Pranovi,Not specific,Italy,40,Europe
1771,Fabricio FGC Gandini,Not specific,,0,#N/A
1097,Fikret Berkes,Not specific,Canada,30,North America & Canada
1591,Fiona FS Simmance,Global,United Kingdom,1,Europe
1417,Fiona McCormack,Not specific,New Zealand,7,Asia & Oceania
1287,Fiona Nunan,Not specific,United Kingdom,8,Europe
1331,Fran Saborido-Rey,Not specific,Spain,90,Europe
1581,Francis K. E. Nunoo,Not specific,Ghana,40,Africa
3574,Francis M. Nwosu,Local,Nigeria,0,Africa
1435,FRANCISCO ARREGUIN-SANCHEZ,Not specific,Mexico,19,Latin America & the Caribbean
1838,Francisco F.A. Araos,National,,10,#N/A
2326,Francisco Fernandez,National,Mexico,20,Latin America & the Caribbean
2492,Frankwin van Winsen,Local,Belgium,0,Europe
1457,Freddy Arocha,Not specific,Venezuela,50,Latin America & the Caribbean
1221,FULGENCIO KAYISO,Not specific,Uganda,4,Africa
3282,Gökhan Gökçe,Local,Turkey,0,Europe
1649,Gabriela Galindo-Cortes,Not specific,Mexico,13,Latin America & the Caribbean
1329,Gabriela Sabau,Not specific,Canada,1,North America & Canada
1776,GALLARDO GALLARDO GARCIA,National,Colombia,2,Latin America & the Caribbean
1125,Genoveva Cerdenares,Not specific,Chile,10,Latin America & the Caribbean
2221,George Freduah,Local,Australia,0,Asia & Oceania
1389,Gilles van de Walle,Not specific,USA,10,North America & Canada
1603,Giovanni Bearzi,Not specific,,84,#N/A
3611,Godfred Ameyaw Asiedu,Local,Ghana,0,Africa
1301,Graham Pierce,Not specific,United Kingdom,5,Europe
1978,Grant Murray,Not specific,Canada,0,North America & Canada
1183,Gretchen Grebe,Not specific,USA,0,North America & Canada
2538,Gustavo A. Castellanos-Galindo,National,Germany,0,Europe
1533,Gustavo E. Chiaramonte,Not specific,Argentina,24,Latin America & the Caribbean
3346,H S MOGALEKAR,National,India,16,Asia & Oceania
1143,Hannah Darrin,Not specific,Mozambique,1,Africa
2126,Hannah R Bassett,Not specific,USA,0,North America & Canada
3256,Hans Ruperti Loor,Local,Ecuador,3,Latin America & the Caribbean
1547,Harun Guclusoy,Not specific,Turkey,53,Europe
1497,Helen HMP Poulos,Not specific,USA,23,North America & Canada
1696,helven helven naranjo madrigal,National,USA,5,North America & Canada
1129,Heqin Cheng,Not specific,China,12,Asia & Oceania
1299,Hoyt Peckham,Not specific,Mexico,20,Latin America & the Caribbean
1501,Hugh Govan,Regional,Fiji,50,Asia & Oceania
1607,Hugo Juliano  Hermógenes da Silva,Not specific,Brazil,6,Latin America & the Caribbean
1269,Iain McKechnie,Regional,Canada,14,North America & Canada
1257,Ingrid Machado,Not specific,Brazil,26,Latin America & the Caribbean
1137,Irene Crona,Not specific,Sweden,19,Europe
1567,Irmak Ertör,Regional,Turkey,12,Europe
4013,Isabela Figueroa,Local,Colombia,3,Latin America & the Caribbean
1723,ISSF Staff,Local,Canada,0,North America & Canada
1621,Ivan M Martins,Not specific,Brazil,3,Latin America & the Caribbean
1261,Ivan Martinez,Not specific,Mexico,3,Latin America & the Caribbean
3305,IVAN MARTINEZ TOVAR,Global,USA,0,North America & Canada
3509,Jack Daly,Local,Canada,0,North America & Canada
1201,Jafer Hisham,Not specific,India,1,Asia & Oceania
1583,Jaime Otero,Not specific,Spain,19,Europe
1790,James H. Prescott,Regional,,1,#N/A
1349,James W Shewmake,Not specific,,0,#N/A
1423,James Wilson,Not specific,USA,15,North America & Canada
2487,Jan Reubens,Regional,Belgium,0,Europe
2465,Janne Rohe,Local,Germany,0,Europe
1357,Jariya Sornkliang,Not specific,Thailand,0,Asia & Oceania
1277,Jeffrey Moore,Not specific,USA,3,North America & Canada
1109,Jennifer Brewer,Not specific,USA,12,North America & Canada
3393,JENNIFER MARIE S AMPARO,Local,Philippines,0,Asia & Oceania
1345,Jennifer Selgrath,Not specific,Canada,4,North America & Canada
1419,Jennifer Silver,Not specific,Canada,5,North America & Canada
2484,Jens Revold,Local,Norway,0,Europe
1461,Jeppe DR Kolding,Global,Norway,42,Europe
1641,Jeppe Kolding,Not specific,Norway,40,Europe
1441,Jesper Raakjær,Not specific,Denmark,15,Europe
1709,Ji He,Not specific,Canada,0,North America & Canada
1551,João Barreiros,Not specific,Portugal,43,Europe
1593,Jock Campbell,Not specific,United Kingdom,3,Europe
1800,Joeri Scholtens,Local,Netherlands,7,Europe
1511,Johan Hultman,Not specific,Sweden,35,Europe
1743,John G Ramirez,National,Spain,0,Europe
1223,John Kittinger,Not specific,,12,#N/A
1513,John Phyne,Not specific,Canada,10,North America & Canada
1521,Jono Wilson,Not specific,USA,10,North America & Canada
1463,Joonas Plaan,Not specific,Canada,2,North America & Canada
1605,Jorge Adrian Rosales-Casián,Not specific,Mexico,16,Latin America & the Caribbean
1787,Jorge H Maldonado,Not specific,Colombia,34,Latin America & the Caribbean
3637,JORGE RAMIREZ-GONZALEZ,Local,Ecuador,13,Latin America & the Caribbean
3306,José  J Castro Hernández,Local,Spain,32,Europe
1197,José Carlos Hernández,Not specific,Spain,4,Europe
1798,José Iván Velázquez Abunader,Not specific,Mexico,10,Latin America & the Caribbean
1611,José M Andriguetto-Filho,Not specific,Brazil,27,Latin America & the Caribbean
1295,Jose J. Pascual-Fernandez,National,Spain,50,Europe
1247,Josep LLORET,Not specific,Spain,10,Europe
3571,Joseph Ginindza,Local,South Africa,0,Africa
2064,Joseph O Luomba,National,Canada,0,North America & Canada
2743,Joshua  Stoll,Local,USA,0,North America & Canada
3608,Joshua B Murphy,Local,Canada,0,North America & Canada
1535,Juan Villasenor-Derbez,Not specific,Mexico,2,Latin America & the Caribbean
1069,Juan-Luis Alegret,Not specific,Spain,10,Europe
3297,Julia M.P. Carvalho,Local,Brazil,0,Latin America & the Caribbean
1285,Julia Novak Colwell,Not specific,USA,2,North America & Canada
3386,Julián  Idrobo,Local,Colombia,12,Latin America & the Caribbean
1507,Julián Idrobo,Not specific,,10,#N/A
1383,Julie Urquhart,Not specific,,20,#N/A
2377,Juliette Alemany,Local,France,0,Europe
1339,Jyothis Sathyapalan,Regional,India,6,Asia & Oceania
1397,K. Kuperan Viswanathan,Not specific,Malaysia,68,Asia & Oceania
1251,Kai Lorenzen,Not specific,USA,40,North America & Canada
1161,KARIM ERZINI,Not specific,Portugal,105,Europe
1081,Kate Barclay,Sub-national,Australia,33,Asia & Oceania
1083,Kate Barley,Local,Canada,0,North America & Canada
1347,Katherine Seto,Not specific,USA,1,North America & Canada
1451,Katia Frangoudes,Not specific,France,20,Europe
2489,Katrien Verlé,National,Belgium,4,Europe
1427,Kefasi Nyikahadzoi,Not specific,Zimbabwe,10,Africa
1455,Kerrie O'Donnell,Not specific,Canada,10,North America & Canada
1289,Kerrie O'Donnell,Not specific,Canada,3,North America & Canada
1399,Kevin Weng,Not specific,USA,1,North America & Canada
2491,Kim Sys,Local,Belgium,0,Europe
1635,Kirsten Abernethy,Not specific,United Kingdom,10,Europe
2467,Klaas Sys,Regional,Belgium,0,Europe
1579,Konstantine Odongkara,Not specific,Uganda,40,Africa
2508,kris vandecasteele,Local,Belgium,0,Europe
1117,Kristen Byler,Not specific,USA,0,North America & Canada
1217,Kungwan Juntarashote,Not specific,Thailand,12,Asia & Oceania
1437,Kurt Korneski,Not specific,Canada,4,North America & Canada
3196,Laia d'Armengol,Local,Spain,1,Europe
1305,Laksmi Rachmawati,Not specific,Indonesia,1,Asia & Oceania
2485,Lancelot Blondeel,Regional,Belgium,6,Europe
1245,Lars Lindström,Not specific,Sweden,5,Europe
1353,Lars Soeftestad,Not specific,Norway,3,Europe
2357,Laura Day,Local,Canada,0,North America & Canada
1445,Lawrence FELT,Not specific,Canada,10,North America & Canada
1103,Leah Biery,Not specific,Canada,3,North America & Canada
3258,Leyre Goti Aralucea,Sub-national,Germany,0,Europe
1559,Lina Maria Saavedra Diaz,Not specific,Colombia,10,Latin America & the Caribbean
3220,Lluís Miret-Pastor,Sub-national,Spain,15,Europe
1209,Lourdes Jimenez-Badillo,Local,Mexico,18,Latin America & the Caribbean
1745,Luana Prestrelo,Local,Brazil,3,Latin America & the Caribbean
1753,Luceni Medeiros Hellebrandt,Local,Brazil,5,Latin America & the Caribbean
1173,Lucia Fraga_Lago,Not specific,Spain,2,Europe
1587,Lucia Garcia-Florez,Not specific,Spain,7,Europe
1079,LUCIANA ARAUJO,Not specific,Brazil,1,Latin America & the Caribbean
1741,Luis M Manjarres Martinez,National,Colombia,0,Latin America & the Caribbean
3292,Luis Orlando Duarte,Regional,Colombia,31,Latin America & the Caribbean
1625,Luis Orlando Duarte,Regional,Colombia,31,Latin America & the Caribbean
1179,Luziana Garuana,Not specific,Brazil,1,Latin America & the Caribbean
1780,Maíra Borgonha,Not specific,Brazil,4,Latin America & the Caribbean
1814,Madeleine Gustavsson,Not specific,United Kingdom,1,Europe
1191,Mafaniso Hara,Not specific,South Africa,15,Africa
1569,Magnus Johnson,Not specific,United Kingdom,33,Europe
1373,Magnus Torell,Not specific,Thailand,20,Asia & Oceania
3612,Malebo  Hellen Moepi,National,South Africa,0,Africa
1571,Malin Andersson,Sub-national,,2,#N/A
1975,Manuel MMC Mendoza-Carranza,Local,Mexico,0,Latin America & the Caribbean
2866,Manuela Maria de Oliveira,National,Portugal,12,Europe
2271,María José Barragán Paladines,Regional,Ecuador,5,Latin America & the Caribbean
1085,María-José Barragán Paladines,Regional,Ecuador,5,Latin America & the Caribbean
2157,Marc Léopold,National,France,20,Europe
1361,Margot Stiles,Not specific,USA,4,North America & Canada
1139,Maria Cruz-Torres,Not specific,USA,4,North America & Canada
1187,Maria Hadjimichael,Not specific,Denmark,9,Europe
1767,Maria Pena,Not specific,Barbados,0,Latin America & the Caribbean
1692,Mariana Velez,Not specific,Mexico,1,Latin America & the Caribbean
1147,Maricela de la Torre-Castro,Not specific,Sweden,20,Europe
1739,Mario Rojo,Sub-national,Mexico,0,Latin America & the Caribbean
1377,Mark Tupper,Not specific,Canada,16,North America & Canada
1229,Marloes Kraan,Not specific,Netherlands,3,Europe
1235,Marta C. F. Leite,Not specific,,2,#N/A
1465,Matrina Mpeketula,Not specific,Malawi,0,Africa
1207,Matthew James,Not specific,Belize,3,Latin America & the Caribbean
1233,Matthew Lauer,Not specific,USA,4,North America & Canada
1123,Mauricio Castrejón,Regional,Canada,33,North America & Canada
1541,Mayra J.M Alarcon,Not specific,Venezuela,1,Latin America & the Caribbean
2502,Md Mostafa Monwar,Local,Bangladesh,0,Asia & Oceania
3724,mehrdad kiazadeh,Local,Canada,1,North America & Canada
3508,"Melani,Raquel,Imobach A.M.Ull A.M",Local,Spain,0,Europe
1375,Micaela Trimble,Not specific,Canada,2,North America & Canada
1133,Michael Clair,Not specific,Canada,0,North America & Canada
1163,Michael Fabinyi,Not specific,Australia,20,Asia & Oceania
1429,Michael Jepson,Not specific,USA,8,North America & Canada
1653,Michele Barnes-Mauthe,Global,USA,8,North America & Canada
2413,Michelle M Dawe,Regional,Canada,0,North America & Canada
2267,Miguel Gonzalez,Sub-national,Canada,10,North America & Canada
2319,Miguel Lorenzi,Global,Canada,0,North America & Canada
2880,MIGUEL MARTÍNEZ GONZÁLEZ,Local,Mexico,0,Latin America & the Caribbean
1577,Miquel Ortega,Not specific,,35,#N/A
1803,Mirella de Oliveira Leis,Local,Canada,0,North America & Canada
1307,Mofizur Rahman,Not specific,Dem. Rep. Korea,0,Asia & Oceania
3610,Mohamed E. Megahed,Global,Egypt,0,Africa
3683,Mohammad M Hossain,Global,Bangladesh,19,Asia & Oceania
1327,Murray Rudd,Not specific,United Kingdom,5,Europe
1688,Myrna Leticia Bravo Olivas,Not specific,Mexico,0,Latin America & the Caribbean
3602,Nachiket Kelkar,Sub-national,India,0,Asia & Oceania
1529,Nagaraj A Talwar,Not specific,,14,#N/A
1359,Natasha Stacey,Not specific,Australia,12,Asia & Oceania
1645,Nathan Bennett,Not specific,Canada,17,North America & Canada
1095,Nathan J Bennett,National,Canada,19,North America & Canada
1273,neelkanth Mr. mishra,Not specific,India,4,Asia & Oceania
1231,Neil Ladell,Not specific,Canada,0,North America & Canada
1433,Nicholas Dulvy,Not specific,Canada,17,North America & Canada
2466,Nicolas Derudder,Local,Belgium,0,Europe
1589,Nigel Haggan,Not specific,Canada,15,North America & Canada
1643,Nireka Weeratunge,Regional,Sri Lanka,14,Asia & Oceania
1093,Noah Ben-Aderet,Not specific,USA,1,North America & Canada
2374,Norlan Absolon Lamb,Global,Belize,0,Latin America & the Caribbean
3581,Ny Aina Andrianarivelo,National,Madagascar,0,Africa
1481,OLANIYI OLOPADE,Not specific,Nigeria,40,Africa
3582,Olatokunbo ibironke Emokpae,Sub-national,Nigeria,0,Africa
1185,Olivier Guyader,Not specific,France,10,Europe
1313,Olivier Raynaud,Not specific,Madagascar,0,Africa
1439,Omar Defeo,Not specific,Uruguay,37,Latin America & the Caribbean
1657,Oriana Almeida,Not specific,Brazil,80,Latin America & the Caribbean
1537,Oscar Uriel Mendoza-Vargas,Not specific,Mexico,3,Latin America & the Caribbean
1758,Pablo Granados,Regional,,9,#N/A
2779,Pablo Martín-Sosa Rodríguez,Sub-national,Spain,10,Europe
1633,Paola Mejia-Falla,Not specific,Colombia,69,Latin America & the Caribbean
1543,Paolo Guidetti,Not specific,,100,#N/A
1385,Paolo Usseglio,Not specific,Spain,1,Europe
1303,Patricia Pinto da Silva,Not specific,USA,28,North America & Canada
1099,PATRICK BERTHOU,Not specific,France,15,Europe
1265,Patrick McConney,Regional,Barbados,10,Latin America & the Caribbean
2523,Paul Foley,Global,Canada,0,North America & Canada
1291,Paul Onyango,Regional,Tanzania,5,Africa
1734,Paul R Boudreau,Global,Canada,3,North America & Canada
1391,Paul van Zwieten,Not specific,,20,#N/A
2876,Paula C Zaidman,National,Argentina,11,Latin America & the Caribbean
1785,Paula Satizábal,Not specific,Australia,0,Asia & Oceania
2372,Pedro V Esteves,Sub-national,Brazil,0,Latin America & the Caribbean
1525,Pekka Salmi,Not specific,Finland,68,Europe
1253,Philip Loring,Not specific,Canada,8,North America & Canada
1141,Philippe CURY,Not specific,France,15,Europe
2446,Philippe Philippe TOUS,Regional,France,0,Europe
3850,Phina Akhimien,Local,Canada,0,North America & Canada
1283,Prateep Nayak,Not specific,Canada,18,North America & Canada
1249,PRISCILA LOPES,Not specific,Brazil,40,Latin America & the Caribbean
1189,Quentin Hanich,Not specific,Australia,1,Asia & Oceania
3625,Racheal Mwikali Gideon,Local,Kenya,0,Africa
2367,Rachel A Turner,Not specific,United Kingdom,0,Europe
3645,Rachel Zuercher,Not specific,USA,0,North America & Canada
3312,Rafael A. Tubino,Sub-national,Brazil,10,Latin America & the Caribbean
1293,Rafael Ortiz Rodriguez,Not specific,Mexico,0,Latin America & the Caribbean
1561,Rafael Tavares,Not specific,Venezuela,16,Latin America & the Caribbean
1663,Rajeev Raghavan,Global,India,75,Asia & Oceania
2228,Rajib  Biswal,Local,Canada,0,North America & Canada
1337,Rajpreet Sandhu,Not specific,United Kingdom,0,Europe
1101,Ramachandra  Bhatta,Not specific,India,15,Asia & Oceania
1215,RAMIREZ JORGE,Not specific,Ecuador,9,Latin America & the Caribbean
1961,Randall Arauz,Not specific,Costa Rica,2,Latin America & the Caribbean
2625,Raquel De la Cruz Modino,Local,Spain,0,Europe
1573,Rashid Sumaila,Not specific,Canada,100,North America & Canada
1371,Rattana Tiaye,Not specific,Thailand,4,Asia & Oceania
3670,Rciardo A Cavieses-Nuñez,Local,Mexico,2,Latin America & the Caribbean
1774,Rebeca Franke,National,,0,#N/A
2216,Rebecca G. Martone,Global,USA,0,North America & Canada
1241,Rebecca Lewison,Not specific,USA,10,North America & Canada
1523,Redik Eschbaum,Not specific,Estonia,21,Europe
1761,Rene Scharer,Not specific,Brazil,8,Latin America & the Caribbean
3650,Reynante V. Ramilo,National,Philippines,0,Asia & Oceania
1565,Ricarda Reuter,Not specific,Denmark,1,Europe
1585,RICHARD ABILA,Not specific,Kenya,40,Africa
1077,Richard Apostle,Not specific,Canada,7,North America & Canada
1155,Richard G Dudley,Not specific,,3,#N/A
1679,Richard J Lilley,Not specific,United Kingdom,0,Europe
1527,Robert  Pomeroy,Not specific,USA,50,North America & Canada
1259,Robin Mahon,Not specific,Barbados,12,Latin America & the Caribbean
1675,Rodolphe Devillers,Not specific,France,0,Europe
1271,Rodrigo Medeiros,Not specific,Brazil,21,Latin America & the Caribbean
1281,Rodrigo Moura,Not specific,Brazil,10,Latin America & the Caribbean
2146,Rodrigo Oyanedel,Not specific,USA,0,North America & Canada
1321,Rodrigo RRF Rodrigues de Freitas,Sub-national,,19,#N/A
1493,Ronald Jones,Not specific,Cambodia,0,Asia & Oceania
1708,Ronald W Jones,Regional,Cambodia,4,Asia & Oceania
1323,Ronnie O. Romero,Not specific,Philippines,4,Asia & Oceania
1151,Rosario Dominguez-Petit,Not specific,Spain,38,Europe
3572,Rose Sallema Mtui,Sub-national,Tanzania,0,Africa
1135,Rui Coelho,Not specific,Portugal,12,Europe
2298,Ruth H Leeney,Local,Canada,0,North America & Canada
2102,Sérgio SM Mattos,National,Brazil,6,Latin America & the Caribbean
1067,Sahir Advani,Not specific,Canada,0,North America & Canada
3303,Salvado Rodriguez-Van Dyck,Local,Mexico,0,Latin America & the Caribbean
1555,Salvador   C Siu Navarro,Not specific,Panama,0,Latin America & the Caribbean
2017,Salvador Villerías Salinas,Not specific,Mexico,0,Latin America & the Caribbean
2776,Sílvia Gómez Mestres,Local,Spain,0,Europe
1113,Sannie Brum,Not specific,Brazil,9,Latin America & the Caribbean
1595,Sara Busilacchi,Not specific,Australia,10,Asia & Oceania
1623,Sarah Harper,Not specific,Canada,25,North America & Canada
2383,Sarah Noel,Local,Canada,0,North America & Canada
3298,Saul R Gaviola,Not specific,Argentina,0,Latin America & the Caribbean
1483,Sebastián Horta,Not specific,Uruguay,14,Latin America & the Caribbean
1637,Sebastian Villasante,Not specific,Spain,70,Europe
1545,Sergio Ramirez,Not specific,Spain,3,Europe
1415,Seth Macinko,Not specific,USA,8,North America & Canada
3568,Seth Mensah Abobi,National,Ghana,0,Africa
2203,Shaara Ainsley,Not specific,USA,0,North America & Canada
1487,Shameem Sheik Dastagir,Not specific,India,1,Asia & Oceania
1659,Shandel Brown,Local,Canada,0,North America & Canada
1105,Shannon Bower,Not specific,Canada,0,North America & Canada
1073,Sharmane Allen,Not specific,Canada,3,North America & Canada
3965,Sharon Suri,Local,USA,0,North America & Canada
1297,Shawn Peabody,Not specific,Madagascar,5,Africa
3377,Shehu Latunji Akintola,Local,Nigeria,0,Africa
1473,Sian Rees,Not specific,United Kingdom,20,Europe
1243,SIDNEY SL LIANZA,Not specific,Brazil,32,Latin America & the Caribbean
1335,Silvia salas,Not specific,Mexico,25,Latin America & the Caribbean
2355,Silvia Yee,Local,Mexico,0,Latin America & the Caribbean
3221,Sinesha  Nuwan Karunarathne,Regional,Sri Lanka,0,Asia & Oceania
1255,Soledad Luna,Not specific,Germany,2,Europe
1677,Sophia Kochalski,Not specific,United Kingdom,0,Europe
1627,Stephan Schnierer,Not specific,Australia,5,Asia & Oceania
1477,Stephen Mangi,Not specific,United Kingdom,30,Europe
1153,Steve Donda,Not specific,Malawi,10,Africa
1325,SUMITRA RUANGSIVAKUL,Not specific,Thailand,6,Asia & Oceania
1309,surapa  Raju,Not specific,India,25,Asia & Oceania
1631,Surathkal Gunakar,Not specific,India,7,Asia & Oceania
1341,Suvaluck Satumanatpan,Not specific,Thailand,1,Asia & Oceania
1275,Svein Jentoft,Not specific,Norway,110,Europe
1469,Sylvain Roger Perret,Not specific,France,40,Europe
2333,Sylvia Salla Setúbal,Local,Brazil,0,Latin America & the Caribbean
1411,Sym Ebbin,Not specific,USA,12,North America & Canada
2231,Tanya J King,Local,Australia,10,Asia & Oceania
1405,Tara Whitty,Not specific,USA,0,North America & Canada
1769,Tatiana TL Leite,National,,15,#N/A
2311,Tek B Gurung,National,Nepal,0,Asia & Oceania
2742,Temisa QA,Local,Spain,0,Europe
1755,Tetsu Sato,Not specific,Japan,0,Asia & Oceania
1409,Thamasak Yeemin,Not specific,Thailand,5,Asia & Oceania
1617,Thiago Z Serafini,Not specific,Brazil,10,Latin America & the Caribbean
1491,Thomas Ihde,Not specific,USA,14,North America & Canada
2486,Thomas J Verleye,National,Belgium,0,Europe
1065,Tim Acott,Not specific,United Kingdom,5,Europe
1145,Tim Daw,Not specific,Sweden,25,Europe
1974,Tim Gray,Not specific,United Kingdom,9,Europe
2464,Tita Nopitawati,National,Indonesia,0,Asia & Oceania
1127,Tomas Chaigneau,Not specific,United Kingdom,1,Europe
1169,Toni Font,Not specific,Spain,2,Europe
1601,Tracy Van Holt,Not specific,USA,8,North America & Canada
1485,Ujjaini Halim,Not specific,India,23,Asia & Oceania
3506,"Ull:  Melani , Raquel, Imobach Antropolog Marítima y gobernanza",Local,Spain,0,Europe
1531,Unai Markaida,Not specific,Mexico,20,Latin America & the Caribbean
2812,Vahdet Ünal,Local,Turkey,19,Europe
3289,VANDICK S BATISTA,Regional,Brazil,25,Latin America & the Caribbean
3615,Vanessa Iglésias Amorim,Local,Portugal,0,Europe
1205,Vanessa Jaiteh,Regional,Palau,5,Asia & Oceania
1351,Vania Silva,Not specific,Brazil,1,Latin America & the Caribbean
1333,Venkatesh Salagrama,Global,India,10,Asia & Oceania
1727,Verónica Castañeda Fernández De Lara,Sub-national,Mexico,7,Latin America & the Caribbean
1203,Veronica Iriarte,Not specific,Brazil,2,Latin America & the Caribbean
3498,Victoria C Ramenzoni,Regional,USA,0,North America & Canada
1773,Victoria L Rogers,Sub-national,Canada,1,North America & Canada
1959,Villy Christensen,Global,Canada,0,North America & Canada
1459,Vincent Gravez,Not specific,Ecuador,10,Latin America & the Caribbean
3046,Vipul Singh,Sub-national,India,0,Asia & Oceania
1387,Vivekanandan V,Not specific,India,10,Asia & Oceania
1791,Viviana Ramirez-Luna,National,Colombia,6,Latin America & the Caribbean
1227,Volker Koch,Not specific,Germany,13,Europe
2428,Warren T J Moore,Local,Canada,0,North America & Canada
1363,Wichin Suebpala,Local,Thailand,2,Asia & Oceania
2447,Wilson  Mhlanga,National,Zimbabwe,0,Africa
2515,Wiro Wirandi,National,Indonesia,0,Asia & Oceania
1087,Xavier Basurto,Not specific,USA,30,North America & Canada
2780,Xoan Lopez Alvarez,Global,Spain,0,Europe
1447,Yajie Liu,Not specific,Norway,1,Europe
3238,Yinji Li,Local,Japan,0,Asia & Oceania
1367,Yuttana Theparoonrat,Not specific,Thailand,1,Asia & Oceania
2155,Zaidy Khan,Not specific,,5,#N/A
3262,Zihao Wang,Local,Canada,0,North America & Canada
