issf_core_id,attribute__attribute_label,value,attribute_value__value_label,country,region
3277,Main gear type(s):,,Dredges,Canada,North America and Canada
3641,Main gear type(s):,,Dredges,South Africa,Africa
3181,Main gear type(s):,,Dredges,Spain,Europe
3179,Main gear type(s):,,Dredges,Spain,Europe
2518,Main gear type(s):,,Dredges,Brazil,Latin America and the Caribbean
2409,Main gear type(s):,,Dredges,Argentina,Latin America and the Caribbean
3707,Main gear type(s):,,Dredges,Bangladesh,Asia and Oceania
2136,Main gear type(s):,,Dredges,Spain,Europe
2531,Main gear type(s):,,Dredges,Brazil,Latin America and the Caribbean
2130,Main gear type(s):,,Dredges,Greece,Europe
2405,Main gear type(s):,,Falling gear (cast nets),Guinea-Bissau,Africa
3564,Main gear type(s):,,Falling gear (cast nets),Nigeria,Africa
3634,Main gear type(s):,,Falling gear (cast nets),Nigeria,Africa
2380,Main gear type(s):,,Falling gear (cast nets),India,Asia and Oceania
2536,Main gear type(s):,,Falling gear (cast nets),Bangladesh,Asia and Oceania
2404,Main gear type(s):,,Falling gear (cast nets),Thailand,Asia and Oceania
3230,Main gear type(s):,,Falling gear (cast nets),Bangladesh,Asia and Oceania
3652,Main gear type(s):,,Falling gear (cast nets),Philippines,Asia and Oceania
3565,Main gear type(s):,,Falling gear (cast nets),Nigeria,Africa
3404,Main gear type(s):,,Falling gear (cast nets),United States of America,North America and Canada
2343,Main gear type(s):,,Falling gear (cast nets),Tanzania,Africa
3569,Main gear type(s):,,Falling gear (cast nets),Nigeria,Africa
3567,Main gear type(s):,,Falling gear (cast nets),Nigeria,Africa
3559,Main gear type(s):,,Falling gear (cast nets),Nigeria,Africa
2479,Main gear type(s):,,Falling gear (cast nets),Brazil,Latin America and the Caribbean
3553,Main gear type(s):,,Falling gear (cast nets),Ghana,Africa
2142,Main gear type(s):,,Falling gear (cast nets),Thailand,Asia and Oceania
3555,Main gear type(s):,,Falling gear (cast nets),Ghana,Africa
3635,Main gear type(s):,,Falling gear (cast nets),Nigeria,Africa
2518,Main gear type(s):,,Falling gear (cast nets),Brazil,Latin America and the Caribbean
3644,Main gear type(s):,,Falling gear (cast nets),Nigeria,Africa
3184,Main gear type(s):,,Falling gear (cast nets),Mexico,Latin America and the Caribbean
2539,Main gear type(s):,,Falling gear (cast nets),Brazil,Latin America and the Caribbean
3686,Main gear type(s):,,Falling gear (cast nets),Canada,North America and Canada
2520,Main gear type(s):,,Falling gear (cast nets),Brazil,Latin America and the Caribbean
3593,Main gear type(s):,,Falling gear (cast nets),Guinea,Africa
3592,Main gear type(s):,,Falling gear (cast nets),Gambia,Africa
3566,Main gear type(s):,,Falling gear (cast nets),Cameroon,Africa
3561,Main gear type(s):,,Falling gear (cast nets),Nigeria,Africa
3591,Main gear type(s):,,Falling gear (cast nets),Cote d'Ivoire,Africa
3796,Main gear type(s):,,Falling gear (cast nets),Bangladesh,Asia and Oceania
2427,Main gear type(s):,,Falling gear (cast nets),Nigeria,Africa
3664,Main gear type(s):,,Falling gear (cast nets),Philippines,Asia and Oceania
3179,Main gear type(s):,,Falling gear (cast nets),Spain,Europe
3172,Main gear type(s):,,Falling gear (cast nets),Spain,Europe
3629,Main gear type(s):,,Falling gear (cast nets),Malawi,Africa
3697,Main gear type(s):,,Falling gear (cast nets),Zambia,Africa
2131,Main gear type(s):,,Falling gear (cast nets),Tanzania,Africa
3181,Main gear type(s):,,Falling gear (cast nets),Spain,Europe
3667,Main gear type(s):,,Falling gear (cast nets),Philippines,Asia and Oceania
3562,Main gear type(s):,,Falling gear (cast nets),Madagascar,Africa
3596,Main gear type(s):,,Falling gear (cast nets),Benin,Africa
3631,Main gear type(s):,,Falling gear (cast nets),Zimbabwe,Africa
3653,Main gear type(s):,,Falling gear (cast nets),Philippines,Asia and Oceania
3578,Main gear type(s):,,Falling gear (cast nets),Nigeria,Africa
3583,Main gear type(s):,,Falling gear (cast nets),Sierra Leone,Africa
2514,Main gear type(s):,,Falling gear (cast nets),Tanzania,Africa
2513,Main gear type(s):,,Falling gear (cast nets),Tanzania,Africa
2139,Main gear type(s):,,Falling gear (cast nets),Philippines,Asia and Oceania
2360,Main gear type(s):,,Falling gear (cast nets),Brazil,Latin America and the Caribbean
2213,Main gear type(s):,,Falling gear (cast nets),Nigeria,Africa
2477,Main gear type(s):,,Falling gear (cast nets),Colombia,Latin America and the Caribbean
3563,Main gear type(s):,,Falling gear (cast nets),Nigeria,Africa
3642,Main gear type(s):,,Falling gear (cast nets),Kenya,Africa
2305,Main gear type(s):,,Falling gear (cast nets),Nepal,Asia and Oceania
3640,Main gear type(s):,,Falling gear (cast nets),Zimbabwe,Africa
3560,Main gear type(s):,,Falling gear (cast nets),Ghana,Africa
2425,Main gear type(s):,,Falling gear (cast nets),United States of America,North America and Canada
2407,Main gear type(s):,,Gillnets and entangling nets,Denmark,Europe
3684,Main gear type(s):,,Gillnets and entangling nets,Mexico,Latin America and the Caribbean
3658,Main gear type(s):,,Gillnets and entangling nets,Philippines,Asia and Oceania
2551,Main gear type(s):,,Gillnets and entangling nets,France,Europe
3219,Main gear type(s):,,Gillnets and entangling nets,Philippines,Asia and Oceania
3593,Main gear type(s):,,Gillnets and entangling nets,Guinea,Africa
2741,Main gear type(s):,,Gillnets and entangling nets,Zimbabwe,Africa
3565,Main gear type(s):,,Gillnets and entangling nets,Nigeria,Africa
3798,Main gear type(s):,,Gillnets and entangling nets,Bangladesh,Asia and Oceania
3555,Main gear type(s):,,Gillnets and entangling nets,Ghana,Africa
3592,Main gear type(s):,,Gillnets and entangling nets,Gambia,Africa
2343,Main gear type(s):,,Gillnets and entangling nets,Tanzania,Africa
2533,Main gear type(s):,,Gillnets and entangling nets,Brazil,Latin America and the Caribbean
3458,Main gear type(s):,,Gillnets and entangling nets,Kiribati,Asia and Oceania
3560,Main gear type(s):,,Gillnets and entangling nets,Ghana,Africa
2513,Main gear type(s):,,Gillnets and entangling nets,Tanzania,Africa
2360,Main gear type(s):,,Gillnets and entangling nets,Brazil,Latin America and the Caribbean
3631,Main gear type(s):,,Gillnets and entangling nets,Zimbabwe,Africa
3186,Main gear type(s):,,Gillnets and entangling nets,Uruguay,Latin America and the Caribbean
3339,Main gear type(s):,,Gillnets and entangling nets,Lao PDR,Asia and Oceania
2437,Main gear type(s):,,Gillnets and entangling nets,Sri Lanka,Asia and Oceania
3338,Main gear type(s):,,Gillnets and entangling nets,Lao PDR,Asia and Oceania
2532,Main gear type(s):,,Gillnets and entangling nets,Brazil,Latin America and the Caribbean
2288,Main gear type(s):,,Gillnets and entangling nets,Brazil,Latin America and the Caribbean
3564,Main gear type(s):,,Gillnets and entangling nets,Nigeria,Africa
3204,Main gear type(s):,,Gillnets and entangling nets,Greece,Europe
3561,Main gear type(s):,,Gillnets and entangling nets,Nigeria,Africa
3591,Main gear type(s):,,Gillnets and entangling nets,Cote d'Ivoire,Africa
2391,Main gear type(s):,,Gillnets and entangling nets,Canada,North America and Canada
2535,Main gear type(s):,,Gillnets and entangling nets,Brazil,Latin America and the Caribbean
2414,Main gear type(s):,,Gillnets and entangling nets,Senegal,Africa
2676,Main gear type(s):,,Gillnets and entangling nets,United States of America,North America and Canada
2135,Main gear type(s):,,Gillnets and entangling nets,Thailand,Asia and Oceania
2495,Main gear type(s):,,Gillnets and entangling nets,Belgium,Europe
3201,Main gear type(s):,,Gillnets and entangling nets,Cambodia,Asia and Oceania
3557,Main gear type(s):,,Gillnets and entangling nets,Ghana,Africa
2420,Main gear type(s):,,Gillnets and entangling nets,Norway,Europe
2134,Main gear type(s):,,Gillnets and entangling nets,Brazil,Latin America and the Caribbean
3635,Main gear type(s):,,Gillnets and entangling nets,Nigeria,Africa
3407,Main gear type(s):,,Gillnets and entangling nets,Nigeria,Africa
2408,Main gear type(s):,,Gillnets and entangling nets,Brazil,Latin America and the Caribbean
3597,Main gear type(s):,,Gillnets and entangling nets,Liberia,Africa
3695,Main gear type(s):,,Gillnets and entangling nets,Bangladesh,Asia and Oceania
2208,Main gear type(s):,,Gillnets and entangling nets,Ecuador,Latin America and the Caribbean
3184,Main gear type(s):,,Gillnets and entangling nets,Mexico,Latin America and the Caribbean
2520,Main gear type(s):,,Gillnets and entangling nets,Brazil,Latin America and the Caribbean
2132,Main gear type(s):,,Gillnets and entangling nets,Peru,Latin America and the Caribbean
3553,Main gear type(s):,,Gillnets and entangling nets,Ghana,Africa
2342,Main gear type(s):,,Gillnets and entangling nets,Cyprus,Europe
3596,Main gear type(s):,,Gillnets and entangling nets,Benin,Africa
2534,Main gear type(s):,,Gillnets and entangling nets,Brazil,Latin America and the Caribbean
3320,Main gear type(s):,,Gillnets and entangling nets,Lao PDR,Asia and Oceania
3640,Main gear type(s):,,Gillnets and entangling nets,Zimbabwe,Africa
2427,Main gear type(s):,,Gillnets and entangling nets,Nigeria,Africa
3404,Main gear type(s):,,Gillnets and entangling nets,United States of America,North America and Canada
2539,Main gear type(s):,,Gillnets and entangling nets,Brazil,Latin America and the Caribbean
2136,Main gear type(s):,,Gillnets and entangling nets,Spain,Europe
3497,Main gear type(s):,,Gillnets and entangling nets,Indonesia,Asia and Oceania
3387,Main gear type(s):,,Gillnets and entangling nets,Netherlands,Europe
2537,Main gear type(s):,,Gillnets and entangling nets,Indonesia,Asia and Oceania
3230,Main gear type(s):,,Gillnets and entangling nets,Bangladesh,Asia and Oceania
2365,Main gear type(s):,,Gillnets and entangling nets,Micronesia,Asia and Oceania
3594,Main gear type(s):,,Gillnets and entangling nets,Guinea-Bissau,Africa
2371,Main gear type(s):,,Gillnets and entangling nets,Mexico,Latin America and the Caribbean
2140,Main gear type(s):,,Gillnets and entangling nets,Brazil,Latin America and the Caribbean
2431,Main gear type(s):,,Gillnets and entangling nets,Thailand,Asia and Oceania
2429,Main gear type(s):,,Gillnets and entangling nets,Philippines,Asia and Oceania
2382,Main gear type(s):,,Gillnets and entangling nets,Tanzania,Africa
3642,Main gear type(s):,,Gillnets and entangling nets,Kenya,Africa
3432,Main gear type(s):,,Gillnets and entangling nets,Jamaica,Latin America and the Caribbean
2511,Main gear type(s):,,Gillnets and entangling nets,Canada,North America and Canada
2514,Main gear type(s):,,Gillnets and entangling nets,Tanzania,Africa
3583,Main gear type(s):,,Gillnets and entangling nets,Sierra Leone,Africa
3653,Main gear type(s):,,Gillnets and entangling nets,Philippines,Asia and Oceania
3191,Main gear type(s):,,Gillnets and entangling nets,France,Europe
3578,Main gear type(s):,,Gillnets and entangling nets,Nigeria,Africa
3161,Main gear type(s):,,Gillnets and entangling nets,Mozambique,Africa
3580,Main gear type(s):,,Gillnets and entangling nets,Liberia,Africa
3629,Main gear type(s):,,Gillnets and entangling nets,Malawi,Africa
3628,Main gear type(s):,,Gillnets and entangling nets,Madagascar,Africa
2399,Main gear type(s):,,Gillnets and entangling nets,Mexico,Latin America and the Caribbean
2334,Main gear type(s):,,Gillnets and entangling nets,Chile,Latin America and the Caribbean
3704,Main gear type(s):,,Gillnets and entangling nets,Turkey,Europe
3266,Main gear type(s):,,Gillnets and entangling nets,Canada,North America and Canada
2381,Main gear type(s):,,Gillnets and entangling nets,Malawi,Africa
3576,Main gear type(s):,,Gillnets and entangling nets,Togo,Africa
2240,Main gear type(s):,,Gillnets and entangling nets,Ghana,Africa
2544,Main gear type(s):,,Gillnets and entangling nets,Canada,North America and Canada
2354,Main gear type(s):,,Gillnets and entangling nets,Greenland,Europe
3159,Main gear type(s):,,Gillnets and entangling nets,Malta,Europe
3664,Main gear type(s):,,Gillnets and entangling nets,Philippines,Asia and Oceania
2677,Main gear type(s):,,Gillnets and entangling nets,Greece,Europe
3455,Main gear type(s):,,Gillnets and entangling nets,Peru,Latin America and the Caribbean
3179,Main gear type(s):,,Gillnets and entangling nets,Spain,Europe
3702,Main gear type(s):,,Gillnets and entangling nets,Ghana,Africa
3562,Main gear type(s):,,Gillnets and entangling nets,Madagascar,Africa
2542,Main gear type(s):,,Gillnets and entangling nets,Indonesia,Asia and Oceania
2546,Main gear type(s):,,Gillnets and entangling nets,Indonesia,Asia and Oceania
2541,Main gear type(s):,,Gillnets and entangling nets,Indonesia,Asia and Oceania
2213,Main gear type(s):,,Gillnets and entangling nets,Nigeria,Africa
2477,Main gear type(s):,,Gillnets and entangling nets,Colombia,Latin America and the Caribbean
3563,Main gear type(s):,,Gillnets and entangling nets,Nigeria,Africa
3218,Main gear type(s):,,Gillnets and entangling nets,Eritrea,Africa
3570,Main gear type(s):,,Gillnets and entangling nets,Malawi,Africa
3810,Main gear type(s):,,Gillnets and entangling nets,Russia,Europe
2517,Main gear type(s):,,Gillnets and entangling nets,Canada,North America and Canada
2385,Main gear type(s):,,Gillnets and entangling nets,United States of America,North America and Canada
3589,Main gear type(s):,,Gillnets and entangling nets,Senegal,Africa
2543,Main gear type(s):,,Gillnets and entangling nets,Indonesia,Asia and Oceania
3701,Main gear type(s):,,Gillnets and entangling nets,Philippines,Asia and Oceania
3627,Main gear type(s):,,Gillnets and entangling nets,Egypt,Africa
3267,Main gear type(s):,,Gillnets and entangling nets,Canada,North America and Canada
2531,Main gear type(s):,,Gillnets and entangling nets,Brazil,Latin America and the Caribbean
3630,Main gear type(s):,,Gillnets and entangling nets,Tanzania,Africa
3388,Main gear type(s):,,Gillnets and entangling nets,Slovenia,Europe
2425,Main gear type(s):,,Gillnets and entangling nets,United States of America,North America and Canada
2295,Main gear type(s):,,Gillnets and entangling nets,Senegal,Africa
3598,Main gear type(s):,,Gillnets and entangling nets,Cape Verde,Africa
3569,Main gear type(s):,,Gillnets and entangling nets,Nigeria,Africa
3190,Main gear type(s):,,Gillnets and entangling nets,Mexico,Latin America and the Caribbean
3559,Main gear type(s):,,Gillnets and entangling nets,Nigeria,Africa
3405,Main gear type(s):,,Gillnets and entangling nets,United States of America,North America and Canada
2417,Main gear type(s):,,Gillnets and entangling nets,Iceland,Europe
2518,Main gear type(s):,,Gillnets and entangling nets,Brazil,Latin America and the Caribbean
2384,Main gear type(s):,,Gillnets and entangling nets,Mexico,Latin America and the Caribbean
2536,Main gear type(s):,,Gillnets and entangling nets,Bangladesh,Asia and Oceania
3172,Main gear type(s):,,Gillnets and entangling nets,Spain,Europe
2480,Main gear type(s):,,Gillnets and entangling nets,El Salvador,Latin America and the Caribbean
3667,Main gear type(s):,,Gillnets and entangling nets,Philippines,Asia and Oceania
2479,Main gear type(s):,,Gillnets and entangling nets,Brazil,Latin America and the Caribbean
3634,Main gear type(s):,,Gillnets and entangling nets,Nigeria,Africa
3707,Main gear type(s):,,Gillnets and entangling nets,Bangladesh,Asia and Oceania
3697,Main gear type(s):,,Gillnets and entangling nets,Zambia,Africa
2289,Main gear type(s):,,Gillnets and entangling nets,Ecuador,Latin America and the Caribbean
3181,Main gear type(s):,,Gillnets and entangling nets,Spain,Europe
3202,Main gear type(s):,,Gillnets and entangling nets,Greece,Europe
2424,Main gear type(s):,,Gillnets and entangling nets,Colombia,Latin America and the Caribbean
2680,Main gear type(s):,,Gillnets and entangling nets,Greece,Europe
3390,Main gear type(s):,,Gillnets and entangling nets,Italy,Europe
3567,Main gear type(s):,,Gillnets and entangling nets,Nigeria,Africa
2380,Main gear type(s):,,Gillnets and entangling nets,India,Asia and Oceania
2995,Main gear type(s):,,Gillnets and entangling nets,Turkey,Europe
2143,Main gear type(s):,,Gillnets and entangling nets,Canada,North America and Canada
2340,Main gear type(s):,,Gillnets and entangling nets,Solomon Is.,Asia and Oceania
3455,Main gear type(s):,,Gleaning (collected by hand),Peru,Latin America and the Caribbean
3562,Main gear type(s):,,Gleaning (collected by hand),Madagascar,Africa
3432,Main gear type(s):,,Gleaning (collected by hand),Jamaica,Latin America and the Caribbean
2522,Main gear type(s):,,Gleaning (collected by hand),Brazil,Latin America and the Caribbean
3628,Main gear type(s):,,Gleaning (collected by hand),Madagascar,Africa
2334,Main gear type(s):,,Gleaning (collected by hand),Chile,Latin America and the Caribbean
2539,Main gear type(s):,,Gleaning (collected by hand),Brazil,Latin America and the Caribbean
3632,Main gear type(s):,,Gleaning (collected by hand),South Africa,Africa
3559,Main gear type(s):,,Gleaning (collected by hand),Nigeria,Africa
2415,Main gear type(s):,,Gleaning (collected by hand),Dem. Rep. Korea,Asia and Oceania
2371,Main gear type(s):,,Gleaning (collected by hand),Mexico,Latin America and the Caribbean
3653,Main gear type(s):,,Gleaning (collected by hand),Philippines,Asia and Oceania
3662,Main gear type(s):,,Gleaning (collected by hand),Philippines,Asia and Oceania
2409,Main gear type(s):,,Gleaning (collected by hand),Argentina,Latin America and the Caribbean
3707,Main gear type(s):,,Gleaning (collected by hand),Bangladesh,Asia and Oceania
3640,Main gear type(s):,,Gleaning (collected by hand),Zimbabwe,Africa
3685,Main gear type(s):,,Gleaning (collected by hand),Uruguay,Latin America and the Caribbean
3573,Main gear type(s):,,Gleaning (collected by hand),Tanzania,Africa
3561,Main gear type(s):,,Gleaning (collected by hand),Nigeria,Africa
3387,Main gear type(s):,,Gleaning (collected by hand),Netherlands,Europe
2549,Main gear type(s):,,Gleaning (collected by hand),New Caledonia,Asia and Oceania
2404,Main gear type(s):,,Gleaning (collected by hand),Thailand,Asia and Oceania
2480,Main gear type(s):,,Gleaning (collected by hand),El Salvador,Latin America and the Caribbean
2427,Main gear type(s):,,Gleaning (collected by hand),Nigeria,Africa
3564,Main gear type(s):,,Gleaning (collected by hand),Nigeria,Africa
3219,Main gear type(s):,,Gleaning (collected by hand),Philippines,Asia and Oceania
3664,Main gear type(s):,,Gleaning (collected by hand),Philippines,Asia and Oceania
3639,Main gear type(s):,,Gleaning (collected by hand),Madagascar,Africa
3660,Main gear type(s):,,Gleaning (collected by hand),Philippines,Asia and Oceania
3563,Main gear type(s):,,Gleaning (collected by hand),Nigeria,Africa
2340,Main gear type(s):,,Gleaning (collected by hand),Solomon Is.,Asia and Oceania
3635,Main gear type(s):,,Gleaning (collected by hand),Nigeria,Africa
3796,Main gear type(s):,,Gleaning (collected by hand),Bangladesh,Asia and Oceania
3191,Main gear type(s):,,Grappling and wounding (harpoons),France,Europe
2675,Main gear type(s):,,Grappling and wounding (harpoons),Australia,Asia and Oceania
2408,Main gear type(s):,,Grappling and wounding (harpoons),Brazil,Latin America and the Caribbean
3562,Main gear type(s):,,Grappling and wounding (harpoons),Madagascar,Africa
3564,Main gear type(s):,,Grappling and wounding (harpoons),Nigeria,Africa
3796,Main gear type(s):,,Grappling and wounding (harpoons),Bangladesh,Asia and Oceania
2477,Main gear type(s):,,Grappling and wounding (harpoons),Colombia,Latin America and the Caribbean
2340,Main gear type(s):,,Grappling and wounding (harpoons),Solomon Is.,Asia and Oceania
2424,Main gear type(s):,,Grappling and wounding (harpoons),Colombia,Latin America and the Caribbean
3560,Main gear type(s):,,Grappling and wounding (harpoons),Ghana,Africa
2335,Main gear type(s):,,Grappling and wounding (harpoons),Philippines,Asia and Oceania
3628,Main gear type(s):,,Grappling and wounding (harpoons),Madagascar,Africa
3161,Main gear type(s):,,Grappling and wounding (harpoons),Mozambique,Africa
3190,Main gear type(s):,,Grappling and wounding (harpoons),Mexico,Latin America and the Caribbean
2134,Main gear type(s):,,Grappling and wounding (harpoons),Brazil,Latin America and the Caribbean
2680,Main gear type(s):,,Grappling and wounding (harpoons),Greece,Europe
2144,Main gear type(s):,,Grappling and wounding (harpoons),Cambodia,Asia and Oceania
2360,Main gear type(s):,,Grappling and wounding (harpoons),Brazil,Latin America and the Caribbean
2371,Main gear type(s):,,Grappling and wounding (harpoons),Mexico,Latin America and the Caribbean
3249,Main gear type(s):,,Grappling and wounding (harpoons),Mexico,Latin America and the Caribbean
2551,Main gear type(s):,,Grappling and wounding (harpoons),France,Europe
2544,Main gear type(s):,,Grappling and wounding (harpoons),Canada,North America and Canada
2520,Main gear type(s):,,Grappling and wounding (harpoons),Brazil,Latin America and the Caribbean
3563,Main gear type(s):,,Grappling and wounding (harpoons),Nigeria,Africa
3405,Main gear type(s):,,Grappling and wounding (harpoons),United States of America,North America and Canada
3497,Main gear type(s):,,Grappling and wounding (harpoons),Indonesia,Asia and Oceania
2531,Main gear type(s):,,Grappling and wounding (harpoons),Brazil,Latin America and the Caribbean
3707,Main gear type(s):,,Grappling and wounding (harpoons),Bangladesh,Asia and Oceania
3639,Main gear type(s):,,Grappling and wounding (harpoons),Madagascar,Africa
3644,Main gear type(s):,,Harvesting machines,Nigeria,Africa
3707,Main gear type(s):,,Harvesting machines,Bangladesh,Asia and Oceania
3641,Main gear type(s):,,Harvesting machines,South Africa,Africa
3555,Main gear type(s):,,Hooks and lines,Ghana,Africa
3594,Main gear type(s):,,Hooks and lines,Guinea-Bissau,Africa
2371,Main gear type(s):,,Hooks and lines,Mexico,Latin America and the Caribbean
3249,Main gear type(s):,,Hooks and lines,Mexico,Latin America and the Caribbean
3630,Main gear type(s):,,Hooks and lines,Tanzania,Africa
3652,Main gear type(s):,,Hooks and lines,Philippines,Asia and Oceania
2420,Main gear type(s):,,Hooks and lines,Norway,Europe
2531,Main gear type(s):,,Hooks and lines,Brazil,Latin America and the Caribbean
3573,Main gear type(s):,,Hooks and lines,Tanzania,Africa
2534,Main gear type(s):,,Hooks and lines,Brazil,Latin America and the Caribbean
3589,Main gear type(s):,,Hooks and lines,Senegal,Africa
2543,Main gear type(s):,,Hooks and lines,Indonesia,Asia and Oceania
2140,Main gear type(s):,,Hooks and lines,Brazil,Latin America and the Caribbean
3390,Main gear type(s):,,Hooks and lines,Italy,Europe
3684,Main gear type(s):,,Hooks and lines,Mexico,Latin America and the Caribbean
3701,Main gear type(s):,,Hooks and lines,Philippines,Asia and Oceania
2385,Main gear type(s):,,Hooks and lines,United States of America,North America and Canada
2386,Main gear type(s):,,Hooks and lines,Belize,Latin America and the Caribbean
3627,Main gear type(s):,,Hooks and lines,Egypt,Africa
2429,Main gear type(s):,,Hooks and lines,Philippines,Asia and Oceania
2360,Main gear type(s):,,Hooks and lines,Brazil,Latin America and the Caribbean
3439,Main gear type(s):,,Hooks and lines,Panama,Latin America and the Caribbean
2477,Main gear type(s):,,Hooks and lines,Colombia,Latin America and the Caribbean
2680,Main gear type(s):,,Hooks and lines,Greece,Europe
3642,Main gear type(s):,,Hooks and lines,Kenya,Africa
2514,Main gear type(s):,,Hooks and lines,Tanzania,Africa
2409,Main gear type(s):,,Hooks and lines,Argentina,Latin America and the Caribbean
3707,Main gear type(s):,,Hooks and lines,Bangladesh,Asia and Oceania
2422,Main gear type(s):,,Hooks and lines,Greenland,Europe
2213,Main gear type(s):,,Hooks and lines,Nigeria,Africa
3660,Main gear type(s):,,Hooks and lines,Philippines,Asia and Oceania
3266,Main gear type(s):,,Hooks and lines,Canada,North America and Canada
2305,Main gear type(s):,,Hooks and lines,Nepal,Asia and Oceania
2399,Main gear type(s):,,Hooks and lines,Mexico,Latin America and the Caribbean
2532,Main gear type(s):,,Hooks and lines,Brazil,Latin America and the Caribbean
3202,Main gear type(s):,,Hooks and lines,Greece,Europe
2427,Main gear type(s):,,Hooks and lines,Nigeria,Africa
3407,Main gear type(s):,,Hooks and lines,Nigeria,Africa
2520,Main gear type(s):,,Hooks and lines,Brazil,Latin America and the Caribbean
3577,Main gear type(s):,,Hooks and lines,South Africa,Africa
3591,Main gear type(s):,,Hooks and lines,Cote d'Ivoire,Africa
2430,Main gear type(s):,,Hooks and lines,Spain,Europe
3553,Main gear type(s):,,Hooks and lines,Ghana,Africa
2208,Main gear type(s):,,Hooks and lines,Ecuador,Latin America and the Caribbean
3566,Main gear type(s):,,Hooks and lines,Cameroon,Africa
2572,Main gear type(s):,,Hooks and lines,Spain,Europe
2535,Main gear type(s):,,Hooks and lines,Brazil,Latin America and the Caribbean
3644,Main gear type(s):,,Hooks and lines,Nigeria,Africa
2414,Main gear type(s):,,Hooks and lines,Senegal,Africa
2324,Main gear type(s):,,Hooks and lines,Bahamas,Latin America and the Caribbean
3597,Main gear type(s):,,Hooks and lines,Liberia,Africa
3635,Main gear type(s):,,Hooks and lines,Nigeria,Africa
3320,Main gear type(s):,,Hooks and lines,Lao PDR,Asia and Oceania
2495,Main gear type(s):,,Hooks and lines,Belgium,Europe
2408,Main gear type(s):,,Hooks and lines,Brazil,Latin America and the Caribbean
2400,Main gear type(s):,,Hooks and lines,Oman,Asia and Oceania
2539,Main gear type(s):,,Hooks and lines,Brazil,Latin America and the Caribbean
3497,Main gear type(s):,,Hooks and lines,Indonesia,Asia and Oceania
3201,Main gear type(s):,,Hooks and lines,Cambodia,Asia and Oceania
3185,Main gear type(s):,,Hooks and lines,Spain,Europe
2479,Main gear type(s):,,Hooks and lines,Brazil,Latin America and the Caribbean
2134,Main gear type(s):,,Hooks and lines,Brazil,Latin America and the Caribbean
3667,Main gear type(s):,,Hooks and lines,Philippines,Asia and Oceania
3230,Main gear type(s):,,Hooks and lines,Bangladesh,Asia and Oceania
3564,Main gear type(s):,,Hooks and lines,Nigeria,Africa
3686,Main gear type(s):,,Hooks and lines,Canada,North America and Canada
3565,Main gear type(s):,,Hooks and lines,Nigeria,Africa
2536,Main gear type(s):,,Hooks and lines,Bangladesh,Asia and Oceania
2136,Main gear type(s):,,Hooks and lines,Spain,Europe
2676,Main gear type(s):,,Hooks and lines,United States of America,North America and Canada
3590,Main gear type(s):,,Hooks and lines,Mauritania,Africa
3204,Main gear type(s):,,Hooks and lines,Greece,Europe
2995,Main gear type(s):,,Hooks and lines,Turkey,Europe
2434,Main gear type(s):,,Hooks and lines,Mexico,Latin America and the Caribbean
2323,Main gear type(s):,,Hooks and lines,Mexico,Latin America and the Caribbean
3190,Main gear type(s):,,Hooks and lines,Mexico,Latin America and the Caribbean
3596,Main gear type(s):,,Hooks and lines,Benin,Africa
3632,Main gear type(s):,,Hooks and lines,South Africa,Africa
3559,Main gear type(s):,,Hooks and lines,Nigeria,Africa
3278,Main gear type(s):,,Hooks and lines,Iceland,Europe
2551,Main gear type(s):,,Hooks and lines,France,Europe
2417,Main gear type(s):,,Hooks and lines,Iceland,Europe
2419,Main gear type(s):,,Hooks and lines,Ireland,Europe
2343,Main gear type(s):,,Hooks and lines,Tanzania,Africa
3654,Main gear type(s):,,Hooks and lines,Ecuador,Latin America and the Caribbean
3640,Main gear type(s):,,Hooks and lines,Zimbabwe,Africa
2404,Main gear type(s):,,Hooks and lines,Thailand,Asia and Oceania
3643,Main gear type(s):,,Hooks and lines,South Africa,Africa
3387,Main gear type(s):,,Hooks and lines,Netherlands,Europe
3634,Main gear type(s):,,Hooks and lines,Nigeria,Africa
3569,Main gear type(s):,,Hooks and lines,Nigeria,Africa
2321,Main gear type(s):,,Hooks and lines,Colombia,Latin America and the Caribbean
3561,Main gear type(s):,,Hooks and lines,Nigeria,Africa
3598,Main gear type(s):,,Hooks and lines,Cape Verde,Africa
3432,Main gear type(s):,,Hooks and lines,Jamaica,Latin America and the Caribbean
2533,Main gear type(s):,,Hooks and lines,Brazil,Latin America and the Caribbean
2365,Main gear type(s):,,Hooks and lines,Micronesia,Asia and Oceania
3592,Main gear type(s):,,Hooks and lines,Gambia,Africa
3458,Main gear type(s):,,Hooks and lines,Kiribati,Asia and Oceania
3219,Main gear type(s):,,Hooks and lines,Philippines,Asia and Oceania
3583,Main gear type(s):,,Hooks and lines,Sierra Leone,Africa
3560,Main gear type(s):,,Hooks and lines,Ghana,Africa
3576,Main gear type(s):,,Hooks and lines,Togo,Africa
3186,Main gear type(s):,,Hooks and lines,Uruguay,Latin America and the Caribbean
2546,Main gear type(s):,,Hooks and lines,Indonesia,Asia and Oceania
2542,Main gear type(s):,,Hooks and lines,Indonesia,Asia and Oceania
3631,Main gear type(s):,,Hooks and lines,Zimbabwe,Africa
3455,Main gear type(s):,,Hooks and lines,Peru,Latin America and the Caribbean
3653,Main gear type(s):,,Hooks and lines,Philippines,Asia and Oceania
3179,Main gear type(s):,,Hooks and lines,Spain,Europe
3338,Main gear type(s):,,Hooks and lines,Lao PDR,Asia and Oceania
2677,Main gear type(s):,,Hooks and lines,Greece,Europe
3697,Main gear type(s):,,Hooks and lines,Zambia,Africa
3191,Main gear type(s):,,Hooks and lines,France,Europe
3181,Main gear type(s):,,Hooks and lines,Spain,Europe
3664,Main gear type(s):,,Hooks and lines,Philippines,Asia and Oceania
3161,Main gear type(s):,,Hooks and lines,Mozambique,Africa
3339,Main gear type(s):,,Hooks and lines,Lao PDR,Asia and Oceania
3159,Main gear type(s):,,Hooks and lines,Malta,Europe
2288,Main gear type(s):,,Hooks and lines,Brazil,Latin America and the Caribbean
2424,Main gear type(s):,,Hooks and lines,Colombia,Latin America and the Caribbean
3218,Main gear type(s):,,Hooks and lines,Eritrea,Africa
3235,Main gear type(s):,,Hooks and lines,Turks and Caicos Is.,Latin America and the Caribbean
2144,Main gear type(s):,,Hooks and lines,Cambodia,Asia and Oceania
3593,Main gear type(s):,,Hooks and lines,Guinea,Africa
2354,Main gear type(s):,,Hooks and lines,Greenland,Europe
2513,Main gear type(s):,,Hooks and lines,Tanzania,Africa
2143,Main gear type(s):,,Hooks and lines,Canada,North America and Canada
3580,Main gear type(s):,,Hooks and lines,Liberia,Africa
2370,Main gear type(s):,,Hooks and lines,Maldives,Asia and Oceania
3629,Main gear type(s):,,Hooks and lines,Malawi,Africa
2436,Main gear type(s):,,Hooks and lines,Colombia,Latin America and the Caribbean
3628,Main gear type(s):,,Hooks and lines,Madagascar,Africa
2436,Main gear type(s):,,Hooks and lines,Colombia,Latin America and the Caribbean
2544,Main gear type(s):,,Hooks and lines,Canada,North America and Canada
3275,Main gear type(s):,,Hooks and lines,Canada,North America and Canada
3562,Main gear type(s):,,Hooks and lines,Madagascar,Africa
3570,Main gear type(s):,,Hooks and lines,Malawi,Africa
3563,Main gear type(s):,,Hooks and lines,Nigeria,Africa
2541,Main gear type(s):,,Hooks and lines,Indonesia,Asia and Oceania
3567,Main gear type(s):,,Hooks and lines,Nigeria,Africa
2289,Main gear type(s):,,Hooks and lines,Ecuador,Latin America and the Caribbean
3567,Main gear type(s):,,Lift nets,Nigeria,Africa
3629,Main gear type(s):,,Lift nets,Malawi,Africa
3634,Main gear type(s):,,Lift nets,Nigeria,Africa
2995,Main gear type(s):,,Lift nets,Turkey,Europe
3640,Main gear type(s):,,Lift nets,Zimbabwe,Africa
3201,Main gear type(s):,,Lift nets,Cambodia,Asia and Oceania
3787,Main gear type(s):,,Lift nets,Iran,Asia and Oceania
2415,Main gear type(s):,,Lift nets,Dem. Rep. Korea,Asia and Oceania
3701,Main gear type(s):,,Lift nets,Philippines,Asia and Oceania
2542,Main gear type(s):,,Lift nets,Indonesia,Asia and Oceania
3660,Main gear type(s):,,Lift nets,Philippines,Asia and Oceania
2343,Main gear type(s):,,Lift nets,Tanzania,Africa
3573,Main gear type(s):,,Lift nets,Tanzania,Africa
3653,Main gear type(s):,,Lift nets,Philippines,Asia and Oceania
3631,Main gear type(s):,,Lift nets,Zimbabwe,Africa
3635,Main gear type(s):,,Lift nets,Nigeria,Africa
3664,Main gear type(s):,,Lift nets,Philippines,Asia and Oceania
3559,Main gear type(s):,,Lift nets,Nigeria,Africa
2513,Main gear type(s):,,Lift nets,Tanzania,Africa
2541,Main gear type(s):,,Lift nets,Indonesia,Asia and Oceania
3563,Main gear type(s):,,Lift nets,Nigeria,Africa
2514,Main gear type(s):,,Lift nets,Tanzania,Africa
3707,Main gear type(s):,,Lift nets,Bangladesh,Asia and Oceania
3561,Main gear type(s):,,Lift nets,Nigeria,Africa
3642,Main gear type(s):,,Poisons and explosives,Kenya,Africa
3644,Main gear type(s):,,Poisons and explosives,Nigeria,Africa
2240,Main gear type(s):,,Poisons and explosives,Ghana,Africa
3497,Main gear type(s):,,Poisons and explosives,Indonesia,Asia and Oceania
2514,Main gear type(s):,,Poisons and explosives,Tanzania,Africa
2546,Main gear type(s):,,Poisons and explosives,Indonesia,Asia and Oceania
3563,Main gear type(s):,,Poisons and explosives,Nigeria,Africa
3161,Main gear type(s):,,Poisons and explosives,Mozambique,Africa
3640,Main gear type(s):,,Poisons and explosives,Zimbabwe,Africa
3664,Main gear type(s):,,Poisons and explosives,Philippines,Asia and Oceania
3184,Main gear type(s):,,Poisons and explosives,Mexico,Latin America and the Caribbean
3432,Main gear type(s):,,Poisons and explosives,Jamaica,Latin America and the Caribbean
3562,Main gear type(s):,,Poisons and explosives,Madagascar,Africa
2343,Main gear type(s):,,Poisons and explosives,Tanzania,Africa
3555,Main gear type(s):,,Poisons and explosives,Ghana,Africa
2995,Main gear type(s):,,Recreational fishing gear,Turkey,Europe
2420,Main gear type(s):,,Recreational fishing gear,Norway,Europe
3686,Main gear type(s):,,Recreational fishing gear,Canada,North America and Canada
3632,Main gear type(s):,,Recreational fishing gear,South Africa,Africa
2551,Main gear type(s):,,Recreational fishing gear,France,Europe
3432,Main gear type(s):,,Recreational fishing gear,Jamaica,Latin America and the Caribbean
3202,Main gear type(s):,,Recreational fishing gear,Greece,Europe
3161,Main gear type(s):,,Recreational fishing gear,Mozambique,Africa
3218,Main gear type(s):,,Recreational fishing gear,Eritrea,Africa
2137,Main gear type(s):,,Recreational fishing gear,South Africa,Africa
2513,Main gear type(s):,,Recreational fishing gear,Tanzania,Africa
3697,Main gear type(s):,,Recreational fishing gear,Zambia,Africa
3266,Main gear type(s):,,Recreational fishing gear,Canada,North America and Canada
3159,Main gear type(s):,,Recreational fishing gear,Malta,Europe
3664,Main gear type(s):,,Recreational fishing gear,Philippines,Asia and Oceania
2677,Main gear type(s):,,Recreational fishing gear,Greece,Europe
2305,Main gear type(s):,,Recreational fishing gear,Nepal,Asia and Oceania
3409,Main gear type(s):,,Recreational fishing gear,Belize,Latin America and the Caribbean
3701,Main gear type(s):,,Recreational fishing gear,Philippines,Asia and Oceania
3630,Main gear type(s):,,Recreational fishing gear,Tanzania,Africa
2495,Main gear type(s):,,Recreational fishing gear,Belgium,Europe
2520,Main gear type(s):,,Recreational fishing gear,Brazil,Latin America and the Caribbean
2343,Main gear type(s):,,Seine nets,Tanzania,Africa
2420,Main gear type(s):,,Seine nets,Norway,Europe
2541,Main gear type(s):,,Seine nets,Indonesia,Asia and Oceania
3458,Main gear type(s):,,Seine nets,Kiribati,Asia and Oceania
3702,Main gear type(s):,,Seine nets,Ghana,Africa
2520,Main gear type(s):,,Seine nets,Brazil,Latin America and the Caribbean
3664,Main gear type(s):,,Seine nets,Philippines,Asia and Oceania
2535,Main gear type(s):,,Seine nets,Brazil,Latin America and the Caribbean
2480,Main gear type(s):,,Seine nets,El Salvador,Latin America and the Caribbean
2327,Main gear type(s):,,Seine nets,India,Asia and Oceania
3580,Main gear type(s):,,Seine nets,Liberia,Africa
3660,Main gear type(s):,,Seine nets,Philippines,Asia and Oceania
3707,Main gear type(s):,,Seine nets,Bangladesh,Asia and Oceania
2536,Main gear type(s):,,Seine nets,Bangladesh,Asia and Oceania
3629,Main gear type(s):,,Seine nets,Malawi,Africa
3247,Main gear type(s):,,Seine nets,Brazil,Latin America and the Caribbean
3695,Main gear type(s):,,Seine nets,Bangladesh,Asia and Oceania
2380,Main gear type(s):,,Seine nets,India,Asia and Oceania
2542,Main gear type(s):,,Seine nets,Indonesia,Asia and Oceania
2335,Main gear type(s):,,Seine nets,Philippines,Asia and Oceania
3387,Main gear type(s):,,Seine nets,Netherlands,Europe
3596,Main gear type(s):,,Seine nets,Benin,Africa
3566,Main gear type(s):,,Seine nets,Cameroon,Africa
2131,Main gear type(s):,,Seine nets,Tanzania,Africa
3652,Main gear type(s):,,Seine nets,Philippines,Asia and Oceania
2378,Main gear type(s):,,Seine nets,Indonesia,Asia and Oceania
3569,Main gear type(s):,,Seine nets,Nigeria,Africa
3640,Main gear type(s):,,Seine nets,Zimbabwe,Africa
2539,Main gear type(s):,,Seine nets,Brazil,Latin America and the Caribbean
3563,Main gear type(s):,,Seine nets,Nigeria,Africa
3576,Main gear type(s):,,Seine nets,Togo,Africa
2417,Main gear type(s):,,Seine nets,Iceland,Europe
2514,Main gear type(s):,,Seine nets,Tanzania,Africa
2425,Main gear type(s):,,Seine nets,United States of America,North America and Canada
3559,Main gear type(s):,,Seine nets,Nigeria,Africa
3562,Main gear type(s):,,Seine nets,Madagascar,Africa
3570,Main gear type(s):,,Seine nets,Malawi,Africa
3564,Main gear type(s):,,Seine nets,Nigeria,Africa
2295,Main gear type(s):,,Seine nets,Senegal,Africa
2322,Main gear type(s):,,Seine nets,Chile,Latin America and the Caribbean
3634,Main gear type(s):,,Seine nets,Nigeria,Africa
3432,Main gear type(s):,,Seine nets,Jamaica,Latin America and the Caribbean
3567,Main gear type(s):,,Seine nets,Nigeria,Africa
3555,Main gear type(s):,,Seine nets,Ghana,Africa
2544,Main gear type(s):,,Seine nets,Canada,North America and Canada
3267,Main gear type(s):,,Seine nets,Canada,North America and Canada
3811,Main gear type(s):,,Seine nets,Turkey,Europe
2477,Main gear type(s):,,Seine nets,Colombia,Latin America and the Caribbean
2531,Main gear type(s):,,Seine nets,Brazil,Latin America and the Caribbean
3573,Main gear type(s):,,Seine nets,Tanzania,Africa
3589,Main gear type(s):,,Seine nets,Senegal,Africa
3561,Main gear type(s):,,Seine nets,Nigeria,Africa
2543,Main gear type(s):,,Seine nets,Indonesia,Asia and Oceania
2140,Main gear type(s):,,Seine nets,Brazil,Latin America and the Caribbean
3560,Main gear type(s):,,Seine nets,Ghana,Africa
3161,Main gear type(s):,,Seine nets,Mozambique,Africa
2360,Main gear type(s):,,Seine nets,Brazil,Latin America and the Caribbean
3597,Main gear type(s):,,Seine nets,Liberia,Africa
3635,Main gear type(s):,,Seine nets,Nigeria,Africa
3642,Main gear type(s):,,Seine nets,Kenya,Africa
3627,Main gear type(s):,,Seine nets,Egypt,Africa
3701,Main gear type(s):,,Seine nets,Philippines,Asia and Oceania
3407,Main gear type(s):,,Seine nets,Nigeria,Africa
2438,Main gear type(s):,,Seine nets,Sierra Leone,Africa
2408,Main gear type(s):,,Seine nets,Brazil,Latin America and the Caribbean
3497,Main gear type(s):,,Seine nets,Indonesia,Asia and Oceania
3628,Main gear type(s):,,Seine nets,Madagascar,Africa
3159,Main gear type(s):,,Seine nets,Malta,Europe
2680,Main gear type(s):,,Seine nets,Greece,Europe
3201,Main gear type(s):,,Seine nets,Cambodia,Asia and Oceania
2414,Main gear type(s):,,Seine nets,Senegal,Africa
2479,Main gear type(s):,,Seine nets,Brazil,Latin America and the Caribbean
3557,Main gear type(s):,,Seine nets,Ghana,Africa
2676,Main gear type(s):,,Seine nets,United States of America,North America and Canada
2532,Main gear type(s):,,Seine nets,Brazil,Latin America and the Caribbean
3577,Main gear type(s):,,Seine nets,South Africa,Africa
3230,Main gear type(s):,,Seine nets,Bangladesh,Asia and Oceania
2134,Main gear type(s):,,Seine nets,Brazil,Latin America and the Caribbean
3592,Main gear type(s):,,Surrounding nets,Gambia,Africa
3576,Main gear type(s):,,Surrounding nets,Togo,Africa
3596,Main gear type(s):,,Surrounding nets,Benin,Africa
3557,Main gear type(s):,,Surrounding nets,Ghana,Africa
2544,Main gear type(s):,,Surrounding nets,Canada,North America and Canada
3591,Main gear type(s):,,Surrounding nets,Cote d'Ivoire,Africa
2241,Main gear type(s):,,Surrounding nets,Ghana,Africa
2424,Main gear type(s):,,Surrounding nets,Colombia,Latin America and the Caribbean
2536,Main gear type(s):,,Surrounding nets,Bangladesh,Asia and Oceania
2295,Main gear type(s):,,Surrounding nets,Senegal,Africa
3644,Main gear type(s):,,Surrounding nets,Nigeria,Africa
3630,Main gear type(s):,,Surrounding nets,Tanzania,Africa
3497,Main gear type(s):,,Surrounding nets,Indonesia,Asia and Oceania
3404,Main gear type(s):,,Surrounding nets,United States of America,North America and Canada
3597,Main gear type(s):,,Surrounding nets,Liberia,Africa
3562,Main gear type(s):,,Surrounding nets,Madagascar,Africa
3664,Main gear type(s):,,Surrounding nets,Philippines,Asia and Oceania
3573,Main gear type(s):,,Surrounding nets,Tanzania,Africa
3455,Main gear type(s):,,Surrounding nets,Peru,Latin America and the Caribbean
2520,Main gear type(s):,,Surrounding nets,Brazil,Latin America and the Caribbean
3590,Main gear type(s):,,Surrounding nets,Mauritania,Africa
3159,Main gear type(s):,,Surrounding nets,Malta,Europe
2479,Main gear type(s):,,Surrounding nets,Brazil,Latin America and the Caribbean
3589,Main gear type(s):,,Surrounding nets,Senegal,Africa
3598,Main gear type(s):,,Surrounding nets,Cape Verde,Africa
3566,Main gear type(s):,,Surrounding nets,Cameroon,Africa
3161,Main gear type(s):,,Surrounding nets,Mozambique,Africa
3697,Main gear type(s):,,Surrounding nets,Zambia,Africa
3640,Main gear type(s):,,Surrounding nets,Zimbabwe,Africa
3185,Main gear type(s):,,Surrounding nets,Spain,Europe
3642,Main gear type(s):,,Surrounding nets,Kenya,Africa
3563,Main gear type(s):,,Surrounding nets,Nigeria,Africa
2128,Main gear type(s):,,Traps,Thailand,Asia and Oceania
2422,Main gear type(s):,,Traps,Greenland,Europe
3631,Main gear type(s):,,Traps,Zimbabwe,Africa
2436,Main gear type(s):,,Traps,Colombia,Latin America and the Caribbean
3796,Main gear type(s):,,Traps,Bangladesh,Asia and Oceania
3181,Main gear type(s):,,Traps,Spain,Europe
3161,Main gear type(s):,,Traps,Mozambique,Africa
2144,Main gear type(s):,,Traps,Cambodia,Asia and Oceania
3235,Main gear type(s):,,Traps,Turks and Caicos Is.,Latin America and the Caribbean
3561,Main gear type(s):,,Traps,Nigeria,Africa
3159,Main gear type(s):,,Traps,Malta,Europe
3578,Main gear type(s):,,Traps,Nigeria,Africa
3653,Main gear type(s):,,Traps,Philippines,Asia and Oceania
3339,Main gear type(s):,,Traps,Lao PDR,Asia and Oceania
3191,Main gear type(s):,,Traps,France,Europe
2410,Main gear type(s):,,Traps,Canada,North America and Canada
3338,Main gear type(s):,,Traps,Lao PDR,Asia and Oceania
3179,Main gear type(s):,,Traps,Spain,Europe
3553,Main gear type(s):,,Traps,Ghana,Africa
3664,Main gear type(s):,,Traps,Philippines,Asia and Oceania
3272,Main gear type(s):,,Traps,Canada,North America and Canada
2342,Main gear type(s):,,Traps,Cyprus,Europe
2677,Main gear type(s):,,Traps,Greece,Europe
3563,Main gear type(s):,,Traps,Nigeria,Africa
2169,Main gear type(s):,,Traps,Colombia,Latin America and the Caribbean
3583,Main gear type(s):,,Traps,Sierra Leone,Africa
3570,Main gear type(s):,,Traps,Malawi,Africa
2141,Main gear type(s):,,Traps,Thailand,Asia and Oceania
3643,Main gear type(s):,,Traps,South Africa,Africa
2549,Main gear type(s):,,Traps,New Caledonia,Asia and Oceania
2477,Main gear type(s):,,Traps,Colombia,Latin America and the Caribbean
2213,Main gear type(s):,,Traps,Nigeria,Africa
3589,Main gear type(s):,,Traps,Senegal,Africa
2387,Main gear type(s):,,Traps,Nicaragua,Latin America and the Caribbean
2534,Main gear type(s):,,Traps,Brazil,Latin America and the Caribbean
2429,Main gear type(s):,,Traps,Philippines,Asia and Oceania
2409,Main gear type(s):,,Traps,Argentina,Latin America and the Caribbean
2385,Main gear type(s):,,Traps,United States of America,North America and Canada
3390,Main gear type(s):,,Traps,Italy,Europe
2140,Main gear type(s):,,Traps,Brazil,Latin America and the Caribbean
2543,Main gear type(s):,,Traps,Indonesia,Asia and Oceania
3642,Main gear type(s):,,Traps,Kenya,Africa
3580,Main gear type(s):,,Traps,Liberia,Africa
3202,Main gear type(s):,,Traps,Greece,Europe
3592,Main gear type(s):,,Traps,Gambia,Africa
2425,Main gear type(s):,,Traps,United States of America,North America and Canada
2295,Main gear type(s):,,Traps,Senegal,Africa
3432,Main gear type(s):,,Traps,Jamaica,Latin America and the Caribbean
2533,Main gear type(s):,,Traps,Brazil,Latin America and the Caribbean
3559,Main gear type(s):,,Traps,Nigeria,Africa
2137,Main gear type(s):,,Traps,South Africa,Africa
3560,Main gear type(s):,,Traps,Ghana,Africa
3640,Main gear type(s):,,Traps,Zimbabwe,Africa
3569,Main gear type(s):,,Traps,Nigeria,Africa
3405,Main gear type(s):,,Traps,United States of America,North America and Canada
2404,Main gear type(s):,,Traps,Thailand,Asia and Oceania
3634,Main gear type(s):,,Traps,Nigeria,Africa
3387,Main gear type(s):,,Traps,Netherlands,Europe
2341,Main gear type(s):,,Traps,Portugal,Europe
2419,Main gear type(s):,,Traps,Ireland,Europe
2514,Main gear type(s):,,Traps,Tanzania,Africa
3564,Main gear type(s):,,Traps,Nigeria,Africa
2518,Main gear type(s):,,Traps,Brazil,Latin America and the Caribbean
2343,Main gear type(s):,,Traps,Tanzania,Africa
3573,Main gear type(s):,,Traps,Tanzania,Africa
3172,Main gear type(s):,,Traps,Spain,Europe
2384,Main gear type(s):,,Traps,Mexico,Latin America and the Caribbean
3811,Main gear type(s):,,Traps,Turkey,Europe
3686,Main gear type(s):,,Traps,Canada,North America and Canada
2535,Main gear type(s):,,Traps,Brazil,Latin America and the Caribbean
3667,Main gear type(s):,,Traps,Philippines,Asia and Oceania
3798,Main gear type(s):,,Traps,Bangladesh,Asia and Oceania
3591,Main gear type(s):,,Traps,Cote d'Ivoire,Africa
2414,Main gear type(s):,,Traps,Senegal,Africa
3407,Main gear type(s):,,Traps,Nigeria,Africa
3577,Main gear type(s):,,Traps,South Africa,Africa
3185,Main gear type(s):,,Traps,Spain,Europe
3230,Main gear type(s):,,Traps,Bangladesh,Asia and Oceania
3320,Main gear type(s):,,Traps,Lao PDR,Asia and Oceania
2142,Main gear type(s):,,Traps,Thailand,Asia and Oceania
2389,Main gear type(s):,,Traps,South Africa,Africa
2386,Main gear type(s):,,Traps,Belize,Latin America and the Caribbean
2479,Main gear type(s):,,Traps,Brazil,Latin America and the Caribbean
3233,Main gear type(s):,,Traps,Canada,North America and Canada
3644,Main gear type(s):,,Traps,Nigeria,Africa
2400,Main gear type(s):,,Traps,Oman,Asia and Oceania
3201,Main gear type(s):,,Traps,Cambodia,Asia and Oceania
3787,Main gear type(s):,,Traps,Iran,Asia and Oceania
2516,Main gear type(s):,,Traps,Indonesia,Asia and Oceania
2324,Main gear type(s):,,Traps,Bahamas,Latin America and the Caribbean
3566,Main gear type(s):,,Traps,Cameroon,Africa
2544,Main gear type(s):,,Traps,Canada,North America and Canada
3635,Main gear type(s):,,Traps,Nigeria,Africa
3597,Main gear type(s):,,Traps,Liberia,Africa
2388,Main gear type(s):,,Traps,Jamaica,Latin America and the Caribbean
2539,Main gear type(s):,,Traps,Brazil,Latin America and the Caribbean
3660,Main gear type(s):,,Traps,Philippines,Asia and Oceania
3265,Main gear type(s):,,Traps,Canada,North America and Canada
2520,Main gear type(s):,,Traps,Brazil,Latin America and the Caribbean
3184,Main gear type(s):,,Traps,Mexico,Latin America and the Caribbean
3567,Main gear type(s):,,Traps,Nigeria,Africa
2427,Main gear type(s):,,Traps,Nigeria,Africa
2399,Main gear type(s):,,Traps,Mexico,Latin America and the Caribbean
3562,Main gear type(s):,,Traps,Madagascar,Africa
2334,Main gear type(s):,,Traps,Chile,Latin America and the Caribbean
2534,Main gear type(s):,,Trawls,Brazil,Latin America and the Caribbean
2305,Main gear type(s):,,Trawls,Nepal,Asia and Oceania
3161,Main gear type(s):,,Trawls,Mozambique,Africa
3627,Main gear type(s):,,Trawls,Egypt,Africa
3455,Main gear type(s):,,Trawls,Peru,Latin America and the Caribbean
3634,Main gear type(s):,,Trawls,Nigeria,Africa
3787,Main gear type(s):,,Trawls,Iran,Asia and Oceania
3268,Main gear type(s):,,Trawls,United States of America,North America and Canada
2420,Main gear type(s):,,Trawls,Norway,Europe
2539,Main gear type(s):,,Trawls,Brazil,Latin America and the Caribbean
3644,Main gear type(s):,,Trawls,Nigeria,Africa
2438,Main gear type(s):,,Trawls,Sierra Leone,Africa
3247,Main gear type(s):,,Trawls,Brazil,Latin America and the Caribbean
2384,Main gear type(s):,,Trawls,Mexico,Latin America and the Caribbean
2408,Main gear type(s):,,Trawls,Brazil,Latin America and the Caribbean
2327,Main gear type(s):,,Trawls,India,Asia and Oceania
3658,Main gear type(s):,,Trawls,Philippines,Asia and Oceania
3458,Main gear type(s):,,Trawls,Kiribati,Asia and Oceania
3557,Main gear type(s):,,Trawls,Ghana,Africa
2495,Main gear type(s):,,Trawls,Belgium,Europe
3387,Main gear type(s):,,Trawls,Netherlands,Europe
2407,Main gear type(s):,,Trawls,Denmark,Europe
2995,Main gear type(s):,,Trawls,Turkey,Europe
2480,Main gear type(s):,,Trawls,El Salvador,Latin America and the Caribbean
3640,Main gear type(s):,,Trawls,Zimbabwe,Africa
3566,Main gear type(s):,,Trawls,Cameroon,Africa
3653,Main gear type(s):,,Trawls,Philippines,Asia and Oceania
2335,Main gear type(s):,,Trawls,Philippines,Asia and Oceania
3567,Main gear type(s):,,Trawls,Nigeria,Africa
2417,Main gear type(s):,,Trawls,Iceland,Europe
3185,Main gear type(s):,,Trawls,Spain,Europe
2544,Main gear type(s):,,Trawls,Canada,North America and Canada
3664,Main gear type(s):,,Trawls,Philippines,Asia and Oceania
2386,Main gear type(s):,,Other,Belize,Latin America and the Caribbean
3435,Main gear type(s):,,Other,Canada,North America and Canada
2335,Main gear type(s):,,Other,Philippines,Asia and Oceania
3181,Main gear type(s):,,Other,Spain,Europe
2384,Main gear type(s):,,Other,Mexico,Latin America and the Caribbean
2384,Main gear type(s):,,Other,Mexico,Latin America and the Caribbean
2384,Main gear type(s):,,Other,Mexico,Latin America and the Caribbean
2479,Main gear type(s):,,Other,Brazil,Latin America and the Caribbean
3686,Main gear type(s):,,Other,Canada,North America and Canada
3593,Main gear type(s):,,Other,Guinea,Africa
3693,Main gear type(s):,,Other,Japan,Asia and Oceania
3597,Main gear type(s):,,Other,Liberia,Africa
3435,Main gear type(s):,,Other,Canada,North America and Canada
2334,Main gear type(s):,,Other,Chile,Latin America and the Caribbean
2341,Main gear type(s):,,Other,Portugal,Europe
2436,Main gear type(s):,,Other,Colombia,Latin America and the Caribbean
3798,Main gear type(s):,,Other,Bangladesh,Asia and Oceania
3179,Main gear type(s):,,Other,Spain,Europe
3179,Main gear type(s):,,Other,Spain,Europe
2289,Main gear type(s):,,Other,Ecuador,Latin America and the Caribbean
3435,Main gear type(s):,,Other,Canada,North America and Canada
2414,Main gear type(s):,,Other,Senegal,Africa
2422,Main gear type(s):,,Other,Greenland,Europe
3687,Main gear type(s):,,Other,Australia,Asia and Oceania
2536,Main gear type(s):,,Other,Bangladesh,Asia and Oceania
2536,Main gear type(s):,,Other,Bangladesh,Asia and Oceania
3191,Main gear type(s):,,Other,France,Europe
3796,Main gear type(s):,,Other,Bangladesh,Asia and Oceania
3695,Main gear type(s):,,Other,Bangladesh,Asia and Oceania
3573,Main gear type(s):,,Other,Tanzania,Africa
3191,Main gear type(s):,,Other,France,Europe
2381,Main gear type(s):,,Other,Malawi,Africa
3591,Main gear type(s):,,Other,Cote d'Ivoire,Africa
3191,Main gear type(s):,,Other,France,Europe
3339,Main gear type(s):,,Other,Lao PDR,Asia and Oceania
2381,Main gear type(s):,,Other,Malawi,Africa
2412,Main gear type(s):,,Other,Australia,Asia and Oceania
2436,Main gear type(s):,,Other,Colombia,Latin America and the Caribbean
2381,Main gear type(s):,,Other,Malawi,Africa
2412,Main gear type(s):,,Other,Australia,Asia and Oceania
3230,Main gear type(s):,,Other,Bangladesh,Asia and Oceania
3230,Main gear type(s):,,Other,Bangladesh,Asia and Oceania
2335,Main gear type(s):,,Other,Philippines,Asia and Oceania
3695,Main gear type(s):,,Other,Bangladesh,Asia and Oceania
3695,Main gear type(s):,,Other,Bangladesh,Asia and Oceania
2389,Main gear type(s):,,Other,South Africa,Africa
2334,Main gear type(s):,,Other,Chile,Latin America and the Caribbean
2324,Main gear type(s):,,Other,Bahamas,Latin America and the Caribbean
3674,Main gear type(s):,,Other,Mexico,Latin America and the Caribbean
3796,Main gear type(s):,,Other,Bangladesh,Asia and Oceania
3247,Main gear type(s):,,Other,Brazil,Latin America and the Caribbean
2335,Main gear type(s):,,Other,Philippines,Asia and Oceania
2342,Main gear type(s):,,Other,Cyprus,Europe
2324,Main gear type(s):,,Other,Bahamas,Latin America and the Caribbean
2335,Main gear type(s):,,Other,Philippines,Asia and Oceania
2324,Main gear type(s):,,Other,Bahamas,Latin America and the Caribbean
3338,Main gear type(s):,,Other,Lao PDR,Asia and Oceania
2335,Main gear type(s):,,Other,Philippines,Asia and Oceania
3573,Main gear type(s):,,Other,Tanzania,Africa
2335,Main gear type(s):,,Other,Philippines,Asia and Oceania
2324,Main gear type(s):,,Other,Bahamas,Latin America and the Caribbean
2408,Main gear type(s):,,Other,Brazil,Latin America and the Caribbean
2408,Main gear type(s):,,Other,Brazil,Latin America and the Caribbean
2408,Main gear type(s):,,Other,Brazil,Latin America and the Caribbean
2536,Main gear type(s):,,Other,Bangladesh,Asia and Oceania
3268,Main gear type(s):,,Other,United States of America,North America and Canada
2342,Main gear type(s):,,Other,Cyprus,Europe
3565,Main gear type(s):,,Other,Nigeria,Africa
3561,Main gear type(s):,,Other,Nigeria,Africa
2385,Main gear type(s):,,Other,United States of America,North America and Canada
3810,Main gear type(s):,,Other,Russia,Europe
3810,Main gear type(s):,,Other,Russia,Europe
3589,Main gear type(s):,,Other,Senegal,Africa
2429,Main gear type(s):,,Other,Philippines,Asia and Oceania
2360,Main gear type(s):,,Other,Brazil,Latin America and the Caribbean
2429,Main gear type(s):,,Other,Philippines,Asia and Oceania
2386,Main gear type(s):,,Other,Belize,Latin America and the Caribbean
2382,Main gear type(s):,,Other,Tanzania,Africa
2431,Main gear type(s):,,Other,Thailand,Asia and Oceania
2675,Main gear type(s):,,Other,Australia,Asia and Oceania
3687,Main gear type(s):,,Other,Australia,Asia and Oceania
2477,Main gear type(s):,,Other,Colombia,Latin America and the Caribbean
2342,Main gear type(s):,,Other,Cyprus,Europe
2517,Main gear type(s):,,Other,Canada,North America and Canada
2675,Main gear type(s):,,Other,Australia,Asia and Oceania
2360,Main gear type(s):,,Other,Brazil,Latin America and the Caribbean
2536,Main gear type(s):,,Other,Bangladesh,Asia and Oceania
2360,Main gear type(s):,,Other,Brazil,Latin America and the Caribbean
3277,Main gear type(s):,,Other,Canada,North America and Canada
3687,Main gear type(s):,,Other,Australia,Asia and Oceania
2415,Main gear type(s):,,Other,Dem. Rep. Korea,Asia and Oceania
3594,Main gear type(s):,,Other,Guinea-Bissau,Africa
3249,Main gear type(s):,,Other,Mexico,Latin America and the Caribbean
2382,Main gear type(s):,,Other,Tanzania,Africa
2342,Main gear type(s):,,Other,Cyprus,Europe
2415,Main gear type(s):,,Other,Dem. Rep. Korea,Asia and Oceania
2289,Main gear type(s):,,Other,Ecuador,Latin America and the Caribbean
2354,Main gear type(s):,,Other,Greenland,Europe
3633,Main gear type(s):,,Other,South Africa,Africa
3435,Main gear type(s):,,Other,Canada,North America and Canada
2425,Main gear type(s):,,Other,United States of America,North America and Canada
2422,Main gear type(s):,,Other,Greenland,Europe
2437,Main gear type(s):,,Other,Sri Lanka,Asia and Oceania
3267,Main gear type(s):,,Other,Canada,North America and Canada
2422,Main gear type(s):,,Other,Greenland,Europe
3809,Main gear type(s):,,Other,Italy,Europe
2354,Main gear type(s):,,Other,Greenland,Europe
2438,Main gear type(s):,,Other,Sierra Leone,Africa
3247,Main gear type(s):,,Other,Brazil,Latin America and the Caribbean
2365,Main gear type(s):,,Other,Micronesia,Asia and Oceania
2380,Main gear type(s):,,Other,India,Asia and Oceania
2365,Main gear type(s):,,Other,Micronesia,Asia and Oceania
2675,Main gear type(s):,,Other,Australia,Asia and Oceania
3694,Main gear type(s):,,Other,Mexico,Latin America and the Caribbean
2438,Main gear type(s):,,Other,Sierra Leone,Africa
2433,Main gear type(s):,,Other,Canada,North America and Canada
2334,Main gear type(s):,,Other,Chile,Latin America and the Caribbean
3573,Main gear type(s):,,Other,Tanzania,Africa
3405,Main gear type(s):,,Other,United States of America,North America and Canada
2414,Main gear type(s):,,Other,Senegal,Africa
3320,Main gear type(s):,,Other,Lao PDR,Asia and Oceania
3590,Main gear type(s):,,Other,Mauritania,Africa
3235,Main gear type(s):,,Other,Turks and Caicos Is.,Latin America and the Caribbean
3560,Main gear type(s):,,Other,Ghana,Africa
3635,Main gear type(s):,,Other,Nigeria,Africa
2169,Main gear type(s):,,Other,Colombia,Latin America and the Caribbean
3268,Main gear type(s):,,Other,United States of America,North America and Canada
2388,Main gear type(s):,,Other,Jamaica,Latin America and the Caribbean
2388,Main gear type(s):,,Other,Jamaica,Latin America and the Caribbean
3811,Main gear type(s):,,Other,Turkey,Europe
2334,Main gear type(s):,,Other,Chile,Latin America and the Caribbean
2341,Main gear type(s):,,Other,Portugal,Europe
3687,Main gear type(s):,,Other,Australia,Asia and Oceania
2341,Main gear type(s):,,Other,Portugal,Europe
2424,Main gear type(s):,,Other,Colombia,Latin America and the Caribbean
2335,Main gear type(s):,,Other,Philippines,Asia and Oceania
2340,Main gear type(s):,,Other,Solomon Is.,Asia and Oceania
3161,Main gear type(s):,,Other,Mozambique,Africa
2995,Main gear type(s):,,Other,Turkey,Europe
2230,Main gear type(s):,,Other,India,Asia and Oceania
2386,Main gear type(s):,,Other,Belize,Latin America and the Caribbean
2323,Main gear type(s):,,Other,Mexico,Latin America and the Caribbean
2514,Main gear type(s):,,Other,Tanzania,Africa
2391,Main gear type(s):,,Other,Canada,North America and Canada
3404,Main gear type(s):,,Other,United States of America,North America and Canada
3657,Main gear type(s):,,,Philippines,Asia and Oceania
3822,Main gear type(s):,,,Brazil,Latin America and the Caribbean
3646,Main gear type(s):,,,Afghanistan,Asia and Oceania
3821,Main gear type(s):,,,Afghanistan,Asia and Oceania
3696,Main gear type(s):,,,Ghana,Africa
3819,Main gear type(s):,,,Bahrain,Asia and Oceania
3698,Main gear type(s):,,,Canada,North America and Canada
2432,Main gear type(s):,,,South Africa,Africa
2239,Main gear type(s):,,,Ghana,Africa
3579,Main gear type(s):,,,Ghana,Africa
3299,Main gear type(s):,,,Bolivia,Latin America and the Caribbean
3706,Main gear type(s):,,,Zambia,Africa
2403,Main gear type(s):,,,Guatemala,Latin America and the Caribbean
3689,Main gear type(s):,,,Solomon Is.,Asia and Oceania
2129,Main gear type(s):,,,India,Asia and Oceania
2390,Main gear type(s):,,,Japan,Asia and Oceania
3703,Main gear type(s):,,,Turkey,Europe
3812,Main gear type(s):,,,Turkey,Europe
3300,Main gear type(s):,,,Comoros,Africa
3656,Main gear type(s):,,,Philippines,Asia and Oceania
3389,Main gear type(s):,,,Finland,Europe
2392,Main gear type(s):,,,United States of America,North America and Canada
3340,Main gear type(s):,,,Lao PDR,Asia and Oceania
3345,Main gear type(s):,,,Lao PDR,Asia and Oceania
2303,Main gear type(s):,,,Indonesia,Asia and Oceania
2159,Main gear type(s):,,,New Caledonia,Asia and Oceania
2476,Main gear type(s):,,,Canada,North America and Canada
3402,Main gear type(s):,,,Northern Mariana Islands,Asia and Oceania
3406,Main gear type(s):,,,United States of America,North America and Canada
2223,Main gear type(s):,,,Thailand,Asia and Oceania
3638,Main gear type(s):,,,Ecuador,Latin America and the Caribbean
3661,Main gear type(s):,,,Philippines,Asia and Oceania
2278,Main gear type(s):,,,Canada,North America and Canada
2287,Main gear type(s):,,,Mexico,Latin America and the Caribbean
3641,Main SSF vessel type(s):,,Raft,South Africa,Africa
2522,Main SSF vessel type(s):,,Raft,Brazil,Latin America and the Caribbean
3667,Main SSF vessel type(s):,,Raft,Philippines,Asia and Oceania
2131,Main SSF vessel type(s):,,Raft,Tanzania,Africa
3697,Main SSF vessel type(s):,,Raft,Zambia,Africa
3642,Main SSF vessel type(s):,,Raft,Kenya,Africa
2343,Main SSF vessel type(s):,,Raft,Tanzania,Africa
2544,Main SSF vessel type(s):,,Raft,Canada,North America and Canada
3573,Main SSF vessel type(s):,,Raft,Tanzania,Africa
3693,Main SSF vessel type(s):,,Raft,Japan,Asia and Oceania
2208,Main SSF vessel type(s):,,Raft,Ecuador,Latin America and the Caribbean
2520,Main SSF vessel type(s):,,Raft,Brazil,Latin America and the Caribbean
3161,Main SSF vessel type(s):,,Raft,Mozambique,Africa
3640,Main SSF vessel type(s):,,Raft,Zimbabwe,Africa
2400,Main SSF vessel type(s):,,Raft,Oman,Asia and Oceania
2427,Main SSF vessel type(s):,,Raft,Nigeria,Africa
2534,Main SSF vessel type(s):,,Raft,Brazil,Latin America and the Caribbean
3455,Main SSF vessel type(s):,,Raft,Peru,Latin America and the Caribbean
3695,Main SSF vessel type(s):,,Raft,Bangladesh,Asia and Oceania
2479,Main SSF vessel type(s):,,Raft,Brazil,Latin America and the Caribbean
2327,Main SSF vessel type(s):,,Raft,India,Asia and Oceania
3631,Main SSF vessel type(s):,,Raft,Zimbabwe,Africa
3557,Main SSF vessel type(s):,,(Dugout) canoe,Ghana,Africa
3702,Main SSF vessel type(s):,,(Dugout) canoe,Ghana,Africa
3639,Main SSF vessel type(s):,,(Dugout) canoe,Madagascar,Africa
2387,Main SSF vessel type(s):,,(Dugout) canoe,Nicaragua,Latin America and the Caribbean
3596,Main SSF vessel type(s):,,(Dugout) canoe,Benin,Africa
3458,Main SSF vessel type(s):,,(Dugout) canoe,Kiribati,Asia and Oceania
3559,Main SSF vessel type(s):,,(Dugout) canoe,Nigeria,Africa
2381,Main SSF vessel type(s):,,(Dugout) canoe,Malawi,Africa
3247,Main SSF vessel type(s):,,(Dugout) canoe,Brazil,Latin America and the Caribbean
3561,Main SSF vessel type(s):,,(Dugout) canoe,Nigeria,Africa
3634,Main SSF vessel type(s):,,(Dugout) canoe,Nigeria,Africa
3564,Main SSF vessel type(s):,,(Dugout) canoe,Nigeria,Africa
3573,Main SSF vessel type(s):,,(Dugout) canoe,Tanzania,Africa
2532,Main SSF vessel type(s):,,(Dugout) canoe,Brazil,Latin America and the Caribbean
2531,Main SSF vessel type(s):,,(Dugout) canoe,Brazil,Latin America and the Caribbean
2539,Main SSF vessel type(s):,,(Dugout) canoe,Brazil,Latin America and the Caribbean
3593,Main SSF vessel type(s):,,(Dugout) canoe,Guinea,Africa
3497,Main SSF vessel type(s):,,(Dugout) canoe,Indonesia,Asia and Oceania
3569,Main SSF vessel type(s):,,(Dugout) canoe,Nigeria,Africa
3432,Main SSF vessel type(s):,,(Dugout) canoe,Jamaica,Latin America and the Caribbean
3644,Main SSF vessel type(s):,,(Dugout) canoe,Nigeria,Africa
2513,Main SSF vessel type(s):,,(Dugout) canoe,Tanzania,Africa
3635,Main SSF vessel type(s):,,(Dugout) canoe,Nigeria,Africa
3583,Main SSF vessel type(s):,,(Dugout) canoe,Sierra Leone,Africa
2477,Main SSF vessel type(s):,,(Dugout) canoe,Colombia,Latin America and the Caribbean
3580,Main SSF vessel type(s):,,(Dugout) canoe,Liberia,Africa
3667,Main SSF vessel type(s):,,(Dugout) canoe,Philippines,Asia and Oceania
2321,Main SSF vessel type(s):,,(Dugout) canoe,Colombia,Latin America and the Caribbean
3642,Main SSF vessel type(s):,,(Dugout) canoe,Kenya,Africa
2438,Main SSF vessel type(s):,,(Dugout) canoe,Sierra Leone,Africa
3201,Main SSF vessel type(s):,,(Dugout) canoe,Cambodia,Asia and Oceania
3560,Main SSF vessel type(s):,,(Dugout) canoe,Ghana,Africa
2131,Main SSF vessel type(s):,,(Dugout) canoe,Tanzania,Africa
2518,Main SSF vessel type(s):,,(Dugout) canoe,Brazil,Latin America and the Caribbean
2134,Main SSF vessel type(s):,,(Dugout) canoe,Brazil,Latin America and the Caribbean
2414,Main SSF vessel type(s):,,(Dugout) canoe,Senegal,Africa
2544,Main SSF vessel type(s):,,(Dugout) canoe,Canada,North America and Canada
3570,Main SSF vessel type(s):,,(Dugout) canoe,Malawi,Africa
3161,Main SSF vessel type(s):,,(Dugout) canoe,Mozambique,Africa
2343,Main SSF vessel type(s):,,(Dugout) canoe,Tanzania,Africa
3697,Main SSF vessel type(s):,,(Dugout) canoe,Zambia,Africa
3597,Main SSF vessel type(s):,,(Dugout) canoe,Liberia,Africa
2365,Main SSF vessel type(s):,,(Dugout) canoe,Micronesia,Asia and Oceania
3553,Main SSF vessel type(s):,,(Dugout) canoe,Ghana,Africa
2340,Main SSF vessel type(s):,,(Dugout) canoe,Solomon Is.,Asia and Oceania
3567,Main SSF vessel type(s):,,(Dugout) canoe,Nigeria,Africa
2741,Main SSF vessel type(s):,,(Dugout) canoe,Zimbabwe,Africa
3566,Main SSF vessel type(s):,,(Dugout) canoe,Cameroon,Africa
3578,Main SSF vessel type(s):,,(Dugout) canoe,Nigeria,Africa
3565,Main SSF vessel type(s):,,(Dugout) canoe,Nigeria,Africa
3594,Main SSF vessel type(s):,,(Dugout) canoe,Guinea-Bissau,Africa
3555,Main SSF vessel type(s):,,(Dugout) canoe,Ghana,Africa
3640,Main SSF vessel type(s):,,(Dugout) canoe,Zimbabwe,Africa
2514,Main SSF vessel type(s):,,(Dugout) canoe,Tanzania,Africa
3630,Main SSF vessel type(s):,,(Dugout) canoe,Tanzania,Africa
2388,Main SSF vessel type(s):,,(Dugout) canoe,Jamaica,Latin America and the Caribbean
3631,Main SSF vessel type(s):,,(Dugout) canoe,Zimbabwe,Africa
3563,Main SSF vessel type(s):,,(Dugout) canoe,Nigeria,Africa
3407,Main SSF vessel type(s):,,(Dugout) canoe,Nigeria,Africa
2408,Main SSF vessel type(s):,,(Dugout) canoe,Brazil,Latin America and the Caribbean
3591,Main SSF vessel type(s):,,(Dugout) canoe,Cote d'Ivoire,Africa
2533,Main SSF vessel type(s):,,(Dugout) canoe,Brazil,Latin America and the Caribbean
2522,Main SSF vessel type(s):,,(Dugout) canoe,Brazil,Latin America and the Caribbean
2386,Main SSF vessel type(s):,,(Dugout) canoe,Belize,Latin America and the Caribbean
3629,Main SSF vessel type(s):,,(Dugout) canoe,Malawi,Africa
2213,Main SSF vessel type(s):,,(Dugout) canoe,Nigeria,Africa
3664,Main SSF vessel type(s):,,Outrigger craft,Philippines,Asia and Oceania
2537,Main SSF vessel type(s):,,Outrigger craft,Indonesia,Asia and Oceania
3573,Main SSF vessel type(s):,,Outrigger craft,Tanzania,Africa
2514,Main SSF vessel type(s):,,Outrigger craft,Tanzania,Africa
3639,Main SSF vessel type(s):,,Outrigger craft,Madagascar,Africa
2303,Main SSF vessel type(s):,,Outrigger craft,Indonesia,Asia and Oceania
3630,Main SSF vessel type(s):,,Outrigger craft,Tanzania,Africa
3628,Main SSF vessel type(s):,,Outrigger craft,Madagascar,Africa
2139,Main SSF vessel type(s):,,Outrigger craft,Philippines,Asia and Oceania
2140,Main SSF vessel type(s):,,Outrigger craft,Brazil,Latin America and the Caribbean
3201,Main SSF vessel type(s):,,Dory,Cambodia,Asia and Oceania
3631,Main SSF vessel type(s):,,Dory,Zimbabwe,Africa
2534,Main SSF vessel type(s):,,Dory,Brazil,Latin America and the Caribbean
2386,Main SSF vessel type(s):,,Dory,Belize,Latin America and the Caribbean
3275,Main SSF vessel type(s):,,Dory,Canada,North America and Canada
3233,Main SSF vessel type(s):,,Dory,Canada,North America and Canada
2535,Main SSF vessel type(s):,,Dory,Brazil,Latin America and the Caribbean
2544,Main SSF vessel type(s):,,Dory,Canada,North America and Canada
3583,Main SSF vessel type(s):,,Piroque,Sierra Leone,Africa
3589,Main SSF vessel type(s):,,Piroque,Senegal,Africa
2414,Main SSF vessel type(s):,,Piroque,Senegal,Africa
3161,Main SSF vessel type(s):,,Piroque,Mozambique,Africa
3593,Main SSF vessel type(s):,,Piroque,Guinea,Africa
3639,Main SSF vessel type(s):,,Piroque,Madagascar,Africa
3590,Main SSF vessel type(s):,,Piroque,Mauritania,Africa
2295,Main SSF vessel type(s):,,Piroque,Senegal,Africa
3562,Main SSF vessel type(s):,,Piroque,Madagascar,Africa
3592,Main SSF vessel type(s):,,Piroque,Gambia,Africa
3566,Main SSF vessel type(s):,,Piroque,Cameroon,Africa
2533,Main SSF vessel type(s):,,Piroque,Brazil,Latin America and the Caribbean
3594,Main SSF vessel type(s):,,Piroque,Guinea-Bissau,Africa
3340,Main SSF vessel type(s):,,Wooden,Lao PDR,Asia and Oceania
3686,Main SSF vessel type(s):,,Wooden,Canada,North America and Canada
3798,Main SSF vessel type(s):,,Wooden,Bangladesh,Asia and Oceania
2289,Main SSF vessel type(s):,,Wooden,Ecuador,Latin America and the Caribbean
3564,Main SSF vessel type(s):,,Wooden,Nigeria,Africa
3701,Main SSF vessel type(s):,,Wooden,Philippines,Asia and Oceania
2213,Main SSF vessel type(s):,,Wooden,Nigeria,Africa
2541,Main SSF vessel type(s):,,Wooden,Indonesia,Asia and Oceania
3639,Main SSF vessel type(s):,,Wooden,Madagascar,Africa
3320,Main SSF vessel type(s):,,Wooden,Lao PDR,Asia and Oceania
2680,Main SSF vessel type(s):,,Wooden,Greece,Europe
2134,Main SSF vessel type(s):,,Wooden,Brazil,Latin America and the Caribbean
3658,Main SSF vessel type(s):,,Wooden,Philippines,Asia and Oceania
2141,Main SSF vessel type(s):,,Wooden,Thailand,Asia and Oceania
2543,Main SSF vessel type(s):,,Wooden,Indonesia,Asia and Oceania
3570,Main SSF vessel type(s):,,Wooden,Malawi,Africa
2544,Main SSF vessel type(s):,,Wooden,Canada,North America and Canada
2230,Main SSF vessel type(s):,,Wooden,India,Asia and Oceania
3566,Main SSF vessel type(s):,,Wooden,Cameroon,Africa
2425,Main SSF vessel type(s):,,Wooden,United States of America,North America and Canada
3181,Main SSF vessel type(s):,,Wooden,Spain,Europe
2142,Main SSF vessel type(s):,,Wooden,Thailand,Asia and Oceania
3179,Main SSF vessel type(s):,,Wooden,Spain,Europe
2427,Main SSF vessel type(s):,,Wooden,Nigeria,Africa
2476,Main SSF vessel type(s):,,Wooden,Canada,North America and Canada
3201,Main SSF vessel type(s):,,Wooden,Cambodia,Asia and Oceania
2144,Main SSF vessel type(s):,,Wooden,Cambodia,Asia and Oceania
3629,Main SSF vessel type(s):,,Wooden,Malawi,Africa
2295,Main SSF vessel type(s):,,Wooden,Senegal,Africa
2539,Main SSF vessel type(s):,,Wooden,Brazil,Latin America and the Caribbean
3218,Main SSF vessel type(s):,,Wooden,Eritrea,Africa
3787,Main SSF vessel type(s):,,Wooden,Iran,Asia and Oceania
3580,Main SSF vessel type(s):,,Wooden,Liberia,Africa
3439,Main SSF vessel type(s):,,Wooden,Panama,Latin America and the Caribbean
3598,Main SSF vessel type(s):,,Wooden,Cape Verde,Africa
2321,Main SSF vessel type(s):,,Wooden,Colombia,Latin America and the Caribbean
2676,Main SSF vessel type(s):,,Wooden,United States of America,North America and Canada
3667,Main SSF vessel type(s):,,Wooden,Philippines,Asia and Oceania
3186,Main SSF vessel type(s):,,Wooden,Uruguay,Latin America and the Caribbean
3811,Main SSF vessel type(s):,,Wooden,Turkey,Europe
2477,Main SSF vessel type(s):,,Wooden,Colombia,Latin America and the Caribbean
3432,Main SSF vessel type(s):,,Wooden,Jamaica,Latin America and the Caribbean
3589,Main SSF vessel type(s):,,Wooden,Senegal,Africa
3230,Main SSF vessel type(s):,,Wooden,Bangladesh,Asia and Oceania
3338,Main SSF vessel type(s):,,Wooden,Lao PDR,Asia and Oceania
2128,Main SSF vessel type(s):,,Wooden,Thailand,Asia and Oceania
3634,Main SSF vessel type(s):,,Wooden,Nigeria,Africa
3569,Main SSF vessel type(s):,,Wooden,Nigeria,Africa
3497,Main SSF vessel type(s):,,Wooden,Indonesia,Asia and Oceania
2533,Main SSF vessel type(s):,,Wooden,Brazil,Latin America and the Caribbean
3695,Main SSF vessel type(s):,,Wooden,Bangladesh,Asia and Oceania
3159,Main SSF vessel type(s):,,Wooden,Malta,Europe
2334,Main SSF vessel type(s):,,Wooden,Chile,Latin America and the Caribbean
3631,Main SSF vessel type(s):,,Wooden,Zimbabwe,Africa
2995,Main SSF vessel type(s):,,Wooden,Turkey,Europe
2404,Main SSF vessel type(s):,,Wooden,Thailand,Asia and Oceania
2535,Main SSF vessel type(s):,,Wooden,Brazil,Latin America and the Caribbean
3796,Main SSF vessel type(s):,,Wooden,Bangladesh,Asia and Oceania
2536,Main SSF vessel type(s):,,Wooden,Bangladesh,Asia and Oceania
2303,Main SSF vessel type(s):,,Wooden,Indonesia,Asia and Oceania
2516,Main SSF vessel type(s):,,Wooden,Indonesia,Asia and Oceania
2520,Main SSF vessel type(s):,,Wooden,Brazil,Latin America and the Caribbean
2537,Main SSF vessel type(s):,,Wooden,Indonesia,Asia and Oceania
2288,Main SSF vessel type(s):,,Wooden,Brazil,Latin America and the Caribbean
2542,Main SSF vessel type(s):,,Wooden,Indonesia,Asia and Oceania
3339,Main SSF vessel type(s):,,Wooden,Lao PDR,Asia and Oceania
2420,Main SSF vessel type(s):,,Wooden,Norway,Europe
3644,Main SSF vessel type(s):,,Wooden,Nigeria,Africa
3268,Main SSF vessel type(s):,,Wooden,United States of America,North America and Canada
3567,Main SSF vessel type(s):,,Wooden,Nigeria,Africa
3161,Main SSF vessel type(s):,,Wooden,Mozambique,Africa
3674,Main SSF vessel type(s):,,Wooden,Mexico,Latin America and the Caribbean
2409,Main SSF vessel type(s):,,Wooden,Argentina,Latin America and the Caribbean
3563,Main SSF vessel type(s):,,Wooden,Nigeria,Africa
3439,Main SSF vessel type(s):,,Fibreglass,Panama,Latin America and the Caribbean
3654,Main SSF vessel type(s):,,Fibreglass,Ecuador,Latin America and the Caribbean
2323,Main SSF vessel type(s):,,Fibreglass,Mexico,Latin America and the Caribbean
3684,Main SSF vessel type(s):,,Fibreglass,Mexico,Latin America and the Caribbean
3268,Main SSF vessel type(s):,,Fibreglass,United States of America,North America and Canada
2410,Main SSF vessel type(s):,,Fibreglass,Canada,North America and Canada
2420,Main SSF vessel type(s):,,Fibreglass,Norway,Europe
3590,Main SSF vessel type(s):,,Fibreglass,Mauritania,Africa
3267,Main SSF vessel type(s):,,Fibreglass,Canada,North America and Canada
3159,Main SSF vessel type(s):,,Fibreglass,Malta,Europe
2409,Main SSF vessel type(s):,,Fibreglass,Argentina,Latin America and the Caribbean
2334,Main SSF vessel type(s):,,Fibreglass,Chile,Latin America and the Caribbean
2476,Main SSF vessel type(s):,,Fibreglass,Canada,North America and Canada
3660,Main SSF vessel type(s):,,Fibreglass,Philippines,Asia and Oceania
3235,Main SSF vessel type(s):,,Fibreglass,Turks and Caicos Is.,Latin America and the Caribbean
2384,Main SSF vessel type(s):,,Fibreglass,Mexico,Latin America and the Caribbean
2137,Main SSF vessel type(s):,,Fibreglass,South Africa,Africa
2995,Main SSF vessel type(s):,,Fibreglass,Turkey,Europe
3179,Main SSF vessel type(s):,,Fibreglass,Spain,Europe
3634,Main SSF vessel type(s):,,Fibreglass,Nigeria,Africa
2305,Main SSF vessel type(s):,,Fibreglass,Nepal,Asia and Oceania
3185,Main SSF vessel type(s):,,Fibreglass,Spain,Europe
3630,Main SSF vessel type(s):,,Fibreglass,Tanzania,Africa
2572,Main SSF vessel type(s):,,Fibreglass,Spain,Europe
3640,Main SSF vessel type(s):,,Fibreglass,Zimbabwe,Africa
3172,Main SSF vessel type(s):,,Fibreglass,Spain,Europe
2511,Main SSF vessel type(s):,,Fibreglass,Canada,North America and Canada
3184,Main SSF vessel type(s):,,Fibreglass,Mexico,Latin America and the Caribbean
2354,Main SSF vessel type(s):,,Fibreglass,Greenland,Europe
3577,Main SSF vessel type(s):,,Fibreglass,South Africa,Africa
3181,Main SSF vessel type(s):,,Fibreglass,Spain,Europe
3567,Main SSF vessel type(s):,,Fibreglass,Nigeria,Africa
2480,Main SSF vessel type(s):,,Fibreglass,El Salvador,Latin America and the Caribbean
2741,Main SSF vessel type(s):,,Fibreglass,Zimbabwe,Africa
2289,Main SSF vessel type(s):,,Fibreglass,Ecuador,Latin America and the Caribbean
2230,Main SSF vessel type(s):,,Fibreglass,India,Asia and Oceania
2675,Main SSF vessel type(s):,,Fibreglass,Australia,Asia and Oceania
3277,Main SSF vessel type(s):,,Fibreglass,Canada,North America and Canada
3432,Main SSF vessel type(s):,,Fibreglass,Jamaica,Latin America and the Caribbean
3218,Main SSF vessel type(s):,,Fibreglass,Eritrea,Africa
2544,Main SSF vessel type(s):,,Fibreglass,Canada,North America and Canada
2551,Main SSF vessel type(s):,,Fibreglass,France,Europe
3633,Main SSF vessel type(s):,,Fibreglass,South Africa,Africa
3265,Main SSF vessel type(s):,,Fibreglass,Canada,North America and Canada
2425,Main SSF vessel type(s):,,Fibreglass,United States of America,North America and Canada
3161,Main SSF vessel type(s):,,Fibreglass,Mozambique,Africa
3627,Main SSF vessel type(s):,,Fibreglass,Egypt,Africa
2680,Main SSF vessel type(s):,,Fibreglass,Greece,Europe
2543,Main SSF vessel type(s):,,Fibreglass,Indonesia,Asia and Oceania
2537,Main SSF vessel type(s):,,Fibreglass,Indonesia,Asia and Oceania
2327,Main SSF vessel type(s):,,Fibreglass,India,Asia and Oceania
2134,Main SSF vessel type(s):,,Fibreglass,Brazil,Latin America and the Caribbean
3674,Main SSF vessel type(s):,,Fibreglass,Mexico,Latin America and the Caribbean
3249,Main SSF vessel type(s):,,Fibreglass,Mexico,Latin America and the Caribbean
3693,Main SSF vessel type(s):,,Fibreglass,Japan,Asia and Oceania
2371,Main SSF vessel type(s):,,Fibreglass,Mexico,Latin America and the Caribbean
2321,Main SSF vessel type(s):,,Fibreglass,Colombia,Latin America and the Caribbean
2208,Main SSF vessel type(s):,,Fibreglass,Ecuador,Latin America and the Caribbean
3643,Main SSF vessel type(s):,,Fibreglass,South Africa,Africa
2400,Main SSF vessel type(s):,,Fibreglass,Oman,Asia and Oceania
3642,Main SSF vessel type(s):,,Fibreglass,Kenya,Africa
2676,Main SSF vessel type(s):,,Fibreglass,United States of America,North America and Canada
3266,Main SSF vessel type(s):,,Fibreglass,Canada,North America and Canada
2370,Main SSF vessel type(s):,,Fibreglass,Maldives,Asia and Oceania
3186,Main SSF vessel type(s):,,Fibreglass,Uruguay,Latin America and the Caribbean
2437,Main SSF vessel type(s):,,Fibreglass,Sri Lanka,Asia and Oceania
3272,Main SSF vessel type(s):,,Fibreglass,Canada,North America and Canada
3787,Main SSF vessel type(s):,,Fibreglass,Iran,Asia and Oceania
3233,Main SSF vessel type(s):,,Fibreglass,Canada,North America and Canada
3190,Main SSF vessel type(s):,,Fibreglass,Mexico,Latin America and the Caribbean
3278,Main SSF vessel type(s):,,Fibreglass,Iceland,Europe
2477,Main SSF vessel type(s):,,Fibreglass,Colombia,Latin America and the Caribbean
3563,Main SSF vessel type(s):,,Fibreglass,Nigeria,Africa
2514,Main SSF vessel type(s):,,Row boat,Tanzania,Africa
2533,Main SSF vessel type(s):,,Row boat,Brazil,Latin America and the Caribbean
2477,Main SSF vessel type(s):,,Row boat,Colombia,Latin America and the Caribbean
2409,Main SSF vessel type(s):,,Row boat,Argentina,Latin America and the Caribbean
3642,Main SSF vessel type(s):,,Row boat,Kenya,Africa
3219,Main SSF vessel type(s):,,Row boat,Philippines,Asia and Oceania
3201,Main SSF vessel type(s):,,Row boat,Cambodia,Asia and Oceania
2532,Main SSF vessel type(s):,,Row boat,Brazil,Latin America and the Caribbean
3652,Main SSF vessel type(s):,,Row boat,Philippines,Asia and Oceania
2427,Main SSF vessel type(s):,,Row boat,Nigeria,Africa
3644,Main SSF vessel type(s):,,Row boat,Nigeria,Africa
3338,Main SSF vessel type(s):,,Row boat,Lao PDR,Asia and Oceania
2541,Main SSF vessel type(s):,,Row boat,Indonesia,Asia and Oceania
3339,Main SSF vessel type(s):,,Row boat,Lao PDR,Asia and Oceania
3577,Main SSF vessel type(s):,,Row boat,South Africa,Africa
3653,Main SSF vessel type(s):,,Row boat,Philippines,Asia and Oceania
3640,Main SSF vessel type(s):,,Row boat,Zimbabwe,Africa
3406,Main SSF vessel type(s):,,Row boat,United States of America,North America and Canada
2518,Main SSF vessel type(s):,,Row boat,Brazil,Latin America and the Caribbean
3404,Main SSF vessel type(s):,,Row boat,United States of America,North America and Canada
2741,Main SSF vessel type(s):,,Row boat,Zimbabwe,Africa
2544,Main SSF vessel type(s):,,Row boat,Canada,North America and Canada
3667,Main SSF vessel type(s):,,Row boat,Philippines,Asia and Oceania
2531,Main SSF vessel type(s):,,Row boat,Brazil,Latin America and the Caribbean
3340,Main SSF vessel type(s):,,Row boat,Lao PDR,Asia and Oceania
3320,Main SSF vessel type(s):,,Row boat,Lao PDR,Asia and Oceania
3644,Main SSF vessel type(s):,,Sail boat,Nigeria,Africa
2544,Main SSF vessel type(s):,,Sail boat,Canada,North America and Canada
3458,Main SSF vessel type(s):,,Sail boat,Kiribati,Asia and Oceania
2479,Main SSF vessel type(s):,,Sail boat,Brazil,Latin America and the Caribbean
3641,Main SSF vessel type(s):,,Sail boat,South Africa,Africa
2520,Main SSF vessel type(s):,,Sail boat,Brazil,Latin America and the Caribbean
3590,Main SSF vessel type(s):,,Sail boat,Mauritania,Africa
2343,Main SSF vessel type(s):,,Sail boat,Tanzania,Africa
3567,Main SSF vessel type(s):,,Sail boat,Nigeria,Africa
2477,Main SSF vessel type(s):,,Sail boat,Colombia,Latin America and the Caribbean
2514,Main SSF vessel type(s):,,Sail boat,Tanzania,Africa
2546,Main SSF vessel type(s):,,Sail boat,Indonesia,Asia and Oceania
3642,Main SSF vessel type(s):,,Sail boat,Kenya,Africa
3573,Main SSF vessel type(s):,,Sail boat,Tanzania,Africa
3565,Main SSF vessel type(s):,,Sail boat,Nigeria,Africa
3809,Main SSF vessel type(s):,,Sail boat,Italy,Europe
3630,Main SSF vessel type(s):,,Sail boat,Tanzania,Africa
3455,Main SSF vessel type(s):,,Sail boat,Peru,Latin America and the Caribbean
3695,Main SSF vessel type(s):,,Sail boat,Bangladesh,Asia and Oceania
3634,Main SSF vessel type(s):,,Sail boat,Nigeria,Africa
3640,Main SSF vessel type(s):,,Sail boat,Zimbabwe,Africa
3219,Main SSF vessel type(s):,,Sail boat,Philippines,Asia and Oceania
3639,Main SSF vessel type(s):,,Sail boat,Madagascar,Africa
2208,Main SSF vessel type(s):,,Sail boat,Ecuador,Latin America and the Caribbean
3389,Main SSF vessel type(s):,,Decked (usually with inboard engine),Finland,Europe
2539,Main SSF vessel type(s):,,Decked (usually with inboard engine),Brazil,Latin America and the Caribbean
3643,Main SSF vessel type(s):,,Decked (usually with inboard engine),South Africa,Africa
3267,Main SSF vessel type(s):,,Decked (usually with inboard engine),Canada,North America and Canada
3191,Main SSF vessel type(s):,,Decked (usually with inboard engine),France,Europe
3202,Main SSF vessel type(s):,,Decked (usually with inboard engine),Greece,Europe
2278,Main SSF vessel type(s):,,Decked (usually with inboard engine),Canada,North America and Canada
3390,Main SSF vessel type(s):,,Decked (usually with inboard engine),Italy,Europe
2408,Main SSF vessel type(s):,,Decked (usually with inboard engine),Brazil,Latin America and the Caribbean
3439,Main SSF vessel type(s):,,Decked (usually with inboard engine),Panama,Latin America and the Caribbean
3204,Main SSF vessel type(s):,,Decked (usually with inboard engine),Greece,Europe
2544,Main SSF vessel type(s):,,Decked (usually with inboard engine),Canada,North America and Canada
3388,Main SSF vessel type(s):,,Decked (usually with inboard engine),Slovenia,Europe
2539,Main SSF vessel type(s):,,Decked (usually with inboard engine),Brazil,Latin America and the Caribbean
2288,Main SSF vessel type(s):,,Decked (usually with inboard engine),Brazil,Latin America and the Caribbean
2531,Main SSF vessel type(s):,,Decked (usually with inboard engine),Brazil,Latin America and the Caribbean
2230,Main SSF vessel type(s):,,Decked (usually with inboard engine),India,Asia and Oceania
3277,Main SSF vessel type(s):,,Decked (usually with inboard engine),Canada,North America and Canada
3387,Main SSF vessel type(s):,,Decked (usually with inboard engine),Netherlands,Europe
2370,Main SSF vessel type(s):,,Decked (usually with inboard engine),Maldives,Asia and Oceania
2417,Main SSF vessel type(s):,,Decked (usually with inboard engine),Iceland,Europe
2476,Main SSF vessel type(s):,,Decked (usually with inboard engine),Canada,North America and Canada
3432,Main SSF vessel type(s):,,Decked (usually with inboard engine),Jamaica,Latin America and the Caribbean
3275,Main SSF vessel type(s):,,Decked (usually with inboard engine),Canada,North America and Canada
3235,Main SSF vessel type(s):,,Decked (usually with inboard engine),Turks and Caicos Is.,Latin America and the Caribbean
2680,Main SSF vessel type(s):,,Decked (usually with inboard engine),Greece,Europe
3161,Main SSF vessel type(s):,,Decked (usually with inboard engine),Mozambique,Africa
3697,Main SSF vessel type(s):,,Decked (usually with inboard engine),Zambia,Africa
2551,Main SSF vessel type(s):,,Decked (usually with inboard engine),France,Europe
3694,Main SSF vessel type(s):,,Decked (usually with inboard engine),Mexico,Latin America and the Caribbean
2675,Main SSF vessel type(s):,,Decked (usually with inboard engine),Australia,Asia and Oceania
2546,Main SSF vessel type(s):,,Decked (usually with inboard engine),Indonesia,Asia and Oceania
2677,Main SSF vessel type(s):,,Decked (usually with inboard engine),Greece,Europe
2417,Main SSF vessel type(s):,,Un-decked/open (with or without inboard engine),Iceland,Europe
2522,Main SSF vessel type(s):,,Un-decked/open (with or without inboard engine),Brazil,Latin America and the Caribbean
3639,Main SSF vessel type(s):,,Un-decked/open (with or without inboard engine),Madagascar,Africa
2141,Main SSF vessel type(s):,,Un-decked/open (with or without inboard engine),Thailand,Asia and Oceania
2549,Main SSF vessel type(s):,,Un-decked/open (with or without inboard engine),New Caledonia,Asia and Oceania
3570,Main SSF vessel type(s):,,Un-decked/open (with or without inboard engine),Malawi,Africa
2136,Main SSF vessel type(s):,,Un-decked/open (with or without inboard engine),Spain,Europe
3580,Main SSF vessel type(s):,,Un-decked/open (with or without inboard engine),Liberia,Africa
3266,Main SSF vessel type(s):,,Un-decked/open (with or without inboard engine),Canada,North America and Canada
2531,Main SSF vessel type(s):,,Un-decked/open (with or without inboard engine),Brazil,Latin America and the Caribbean
3432,Main SSF vessel type(s):,,Un-decked/open (with or without inboard engine),Jamaica,Latin America and the Caribbean
3497,Main SSF vessel type(s):,,Un-decked/open (with or without inboard engine),Indonesia,Asia and Oceania
2334,Main SSF vessel type(s):,,Un-decked/open (with or without inboard engine),Chile,Latin America and the Caribbean
3191,Main SSF vessel type(s):,,Un-decked/open (with or without inboard engine),France,Europe
2518,Main SSF vessel type(s):,,Un-decked/open (with or without inboard engine),Brazil,Latin America and the Caribbean
3653,Main SSF vessel type(s):,,Un-decked/open (with or without inboard engine),Philippines,Asia and Oceania
3230,Main SSF vessel type(s):,,Un-decked/open (with or without inboard engine),Bangladesh,Asia and Oceania
2381,Main SSF vessel type(s):,,Un-decked/open (with or without inboard engine),Malawi,Africa
3458,Main SSF vessel type(s):,,Un-decked/open (with or without inboard engine),Kiribati,Asia and Oceania
3686,Main SSF vessel type(s):,,Un-decked/open (with or without inboard engine),Canada,North America and Canada
2532,Main SSF vessel type(s):,,Un-decked/open (with or without inboard engine),Brazil,Latin America and the Caribbean
3640,Main SSF vessel type(s):,,Un-decked/open (with or without inboard engine),Zimbabwe,Africa
2408,Main SSF vessel type(s):,,Un-decked/open (with or without inboard engine),Brazil,Latin America and the Caribbean
2533,Main SSF vessel type(s):,,Un-decked/open (with or without inboard engine),Brazil,Latin America and the Caribbean
2128,Main SSF vessel type(s):,,Un-decked/open (with or without inboard engine),Thailand,Asia and Oceania
3435,Main SSF vessel type(s):,,Un-decked/open (with or without inboard engine),Canada,North America and Canada
3652,Main SSF vessel type(s):,,Un-decked/open (with or without inboard engine),Philippines,Asia and Oceania
3439,Main SSF vessel type(s):,,Un-decked/open (with or without inboard engine),Panama,Latin America and the Caribbean
3687,Main SSF vessel type(s):,,Un-decked/open (with or without inboard engine),Australia,Asia and Oceania
2278,Main SSF vessel type(s):,,Un-decked/open (with or without inboard engine),Canada,North America and Canada
2476,Main SSF vessel type(s):,,Un-decked/open (with or without inboard engine),Canada,North America and Canada
2544,Main SSF vessel type(s):,,Un-decked/open (with or without inboard engine),Canada,North America and Canada
2412,Main SSF vessel type(s):,,Un-decked/open (with or without inboard engine),Australia,Asia and Oceania
2130,Main SSF vessel type(s):,,Un-decked/open (with or without inboard engine),Greece,Europe
3695,Main SSF vessel type(s):,,Un-decked/open (with or without inboard engine),Bangladesh,Asia and Oceania
3810,Main SSF vessel type(s):,,Un-decked/open (with or without inboard engine),Russia,Europe
3247,Main SSF vessel type(s):,,Other,Brazil,Latin America and the Caribbean
3161,Main SSF vessel type(s):,,Other,Mozambique,Africa
2549,Main SSF vessel type(s):,,Other,New Caledonia,Asia and Oceania
3590,Main SSF vessel type(s):,,Other,Mauritania,Africa
2436,Main SSF vessel type(s):,,Other,Colombia,Latin America and the Caribbean
3685,Main SSF vessel type(s):,,Other,Uruguay,Latin America and the Caribbean
2408,Main SSF vessel type(s):,,Other,Brazil,Latin America and the Caribbean
2420,Main SSF vessel type(s):,,Other,Norway,Europe
2391,Main SSF vessel type(s):,,Other,Canada,North America and Canada
2381,Main SSF vessel type(s):,,Other,Malawi,Africa
2128,Main SSF vessel type(s):,,Other,Thailand,Asia and Oceania
2385,Main SSF vessel type(s):,,Other,United States of America,North America and Canada
2322,Main SSF vessel type(s):,,Other,Chile,Latin America and the Caribbean
3576,Main SSF vessel type(s):,,Other,Togo,Africa
2415,Main SSF vessel type(s):,,Other,Dem. Rep. Korea,Asia and Oceania
2322,Main SSF vessel type(s):,,Other,Chile,Latin America and the Caribbean
2342,Main SSF vessel type(s):,,Other,Cyprus,Europe
3573,Main SSF vessel type(s):,,Other,Tanzania,Africa
2675,Main SSF vessel type(s):,,Other,Australia,Asia and Oceania
2340,Main SSF vessel type(s):,,Other,Solomon Is.,Asia and Oceania
3583,Main SSF vessel type(s):,,Other,Sierra Leone,Africa
2517,Main SSF vessel type(s):,,Other,Canada,North America and Canada
3646,Main SSF vessel type(s):,,Other,Afghanistan,Asia and Oceania
2422,Main SSF vessel type(s):,,Other,Greenland,Europe
2429,Main SSF vessel type(s):,,Other,Philippines,Asia and Oceania
2433,Main SSF vessel type(s):,,Other,Canada,North America and Canada
2335,Main SSF vessel type(s):,,Other,Philippines,Asia and Oceania
2676,Main SSF vessel type(s):,,Other,United States of America,North America and Canada
2415,Main SSF vessel type(s):,,Other,Dem. Rep. Korea,Asia and Oceania
2378,Main SSF vessel type(s):,,Other,Indonesia,Asia and Oceania
2341,Main SSF vessel type(s):,,Other,Portugal,Europe
2407,Main SSF vessel type(s):,,Other,Denmark,Europe
3632,Main SSF vessel type(s):,,Other,South Africa,Africa
2430,Main SSF vessel type(s):,,Other,Spain,Europe
2334,Main SSF vessel type(s):,,Other,Chile,Latin America and the Caribbean
2404,Main SSF vessel type(s):,,Other,Thailand,Asia and Oceania
2391,Main SSF vessel type(s):,,Other,Canada,North America and Canada
2341,Main SSF vessel type(s):,,Other,Portugal,Europe
2425,Main SSF vessel type(s):,,Other,United States of America,North America and Canada
2365,Main SSF vessel type(s):,,Other,Micronesia,Asia and Oceania
2365,Main SSF vessel type(s):,,Other,Micronesia,Asia and Oceania
2438,Main SSF vessel type(s):,,Other,Sierra Leone,Africa
3707,Main SSF vessel type(s):,,Other,Bangladesh,Asia and Oceania
3573,Main SSF vessel type(s):,,Other,Tanzania,Africa
2551,Main SSF vessel type(s):,,Other,France,Europe
2391,Main SSF vessel type(s):,,Other,Canada,North America and Canada
2142,Main SSF vessel type(s):,,Other,Thailand,Asia and Oceania
2389,Main SSF vessel type(s):,,Other,South Africa,Africa
2513,Main SSF vessel type(s):,,Other,Tanzania,Africa
3686,Main SSF vessel type(s):,,Other,Canada,North America and Canada
3268,Main SSF vessel type(s):,,Other,United States of America,North America and Canada
2324,Main SSF vessel type(s):,,,Bahamas,Latin America and the Caribbean
3821,Main SSF vessel type(s):,,,Afghanistan,Asia and Oceania
2432,Main SSF vessel type(s):,,,South Africa,Africa
2434,Main SSF vessel type(s):,,,Mexico,Latin America and the Caribbean
3822,Main SSF vessel type(s):,,,Brazil,Latin America and the Caribbean
3704,Main SSF vessel type(s):,,,Turkey,Europe
3409,Main SSF vessel type(s):,,,Belize,Latin America and the Caribbean
2169,Main SSF vessel type(s):,,,Colombia,Latin America and the Caribbean
3656,Main SSF vessel type(s):,,,Philippines,Asia and Oceania
3345,Main SSF vessel type(s):,,,Lao PDR,Asia and Oceania
2287,Main SSF vessel type(s):,,,Mexico,Latin America and the Caribbean
3662,Main SSF vessel type(s):,,,Philippines,Asia and Oceania
2419,Main SSF vessel type(s):,,,Ireland,Europe
2132,Main SSF vessel type(s):,,,Peru,Latin America and the Caribbean
3300,Main SSF vessel type(s):,,,Comoros,Africa
3657,Main SSF vessel type(s):,,,Philippines,Asia and Oceania
3703,Main SSF vessel type(s):,,,Turkey,Europe
2431,Main SSF vessel type(s):,,,Thailand,Asia and Oceania
2495,Main SSF vessel type(s):,,,Belgium,Europe
2135,Main SSF vessel type(s):,,,Thailand,Asia and Oceania
2390,Main SSF vessel type(s):,,,Japan,Asia and Oceania
2424,Main SSF vessel type(s):,,,Colombia,Latin America and the Caribbean
2240,Main SSF vessel type(s):,,,Ghana,Africa
3405,Main SSF vessel type(s):,,,United States of America,North America and Canada
2360,Main SSF vessel type(s):,,,Brazil,Latin America and the Caribbean
3689,Main SSF vessel type(s):,,,Solomon Is.,Asia and Oceania
2129,Main SSF vessel type(s):,,,India,Asia and Oceania
3812,Main SSF vessel type(s):,,,Turkey,Europe
2405,Main SSF vessel type(s):,,,Guinea-Bissau,Africa
3579,Main SSF vessel type(s):,,,Ghana,Africa
2241,Main SSF vessel type(s):,,,Ghana,Africa
2403,Main SSF vessel type(s):,,,Guatemala,Latin America and the Caribbean
3819,Main SSF vessel type(s):,,,Bahrain,Asia and Oceania
2382,Main SSF vessel type(s):,,,Tanzania,Africa
3661,Main SSF vessel type(s):,,,Philippines,Asia and Oceania
2380,Main SSF vessel type(s):,,,India,Asia and Oceania
2159,Main SSF vessel type(s):,,,New Caledonia,Asia and Oceania
3706,Main SSF vessel type(s):,,,Zambia,Africa
3402,Main SSF vessel type(s):,,,Northern Mariana Islands,Asia and Oceania
3638,Main SSF vessel type(s):,,,Ecuador,Latin America and the Caribbean
2143,Main SSF vessel type(s):,,,Canada,North America and Canada
2392,Main SSF vessel type(s):,,,United States of America,North America and Canada
2399,Main SSF vessel type(s):,,,Mexico,Latin America and the Caribbean
2223,Main SSF vessel type(s):,,,Thailand,Asia and Oceania
3696,Main SSF vessel type(s):,,,Ghana,Africa
3299,Main SSF vessel type(s):,,,Bolivia,Latin America and the Caribbean
3698,Main SSF vessel type(s):,,,Canada,North America and Canada
2239,Main SSF vessel type(s):,,,Ghana,Africa
